time;cpu0;avg_rtt;avg_rtt_a1;avg_rtt_a2;avg_upstream;avg_loss;avg_loss_a1;avg_loss_a2;#robots;#r_act1;#r_act2
1639647530.911;1309420.95;217.7;0.0;217.7;1.18;0.0;0.0;0.0;1;0;1
1639647608.562;1309434.87;216.8;0.0;216.8;1.37;0.0;0.0;0.0;1;0;1
1639647623.562;1309448.79;215.5;0.0;215.5;1.27;0.0;0.0;0.0;1;0;1
1639647638.562;1309462.78;215.9;0.0;215.9;1.44;0.0;0.0;0.0;1;0;1
1639647653.562;1309476.77;216.4;0.0;216.4;1.31;0.0;0.0;0.0;1;0;1
1639647668.562;1309490.74;218.4;0.0;218.4;1.47;0.0;0.0;0.0;1;0;1
1639647683.563;1309504.68;216.7;0.0;216.7;1.36;0.0;0.0;0.0;1;0;1
1639647698.563;1309518.64;215.5;0.0;215.5;1.29;0.0;0.0;0.0;1;0;1
1639647713.564;1309532.57;214.7;0.0;214.7;1.32;0.0;0.0;0.0;1;0;1
1639647728.563;1309546.51;214.5;0.0;214.5;1.26;0.0;0.0;0.0;1;0;1
1639647743.564;1309560.47;216.8;0.0;216.8;1.3;0.0;0.0;0.0;1;0;1
1639647758.564;1309574.43;214.3;0.0;214.3;1.39;0.0;0.0;0.0;1;0;1
1639647773.564;1309588.4;216.2;0.0;216.2;1.25;0.0;0.0;0.0;1;0;1
1639647788.565;1309602.36;216.3;0.0;216.3;1.34;0.0;0.0;0.0;1;0;1
1639647803.565;1309616.33;216.0;0.0;216.0;1.42;0.0;0.0;0.0;1;0;1
1639647818.566;1309630.3;217.0;0.0;217.0;1.31;0.0;0.0;0.0;1;0;1
1639647833.566;1309644.26;214.2;0.0;214.2;1.2;0.0;0.0;0.0;1;0;1
1639647848.566;1309658.12;217.1;0.0;217.1;1.2;0.0;0.0;0.0;1;0;1
1639647863.568;1309663.32;214.7;0.0;214.7;1.52;0.0;0.0;0.0;1;0;1
1639647878.568;1309671.66;215.8;0.0;215.8;1.51;0.0;0.0;0.0;1;0;1
1639647893.569;1309684.7;121.65;29.8;213.5;1.31;0.0;0.0;0.0;2;0;1
1639647908.569;1309697.89;120.9;27.7;214.1;1.34;0.0;0.0;0.0;2;1;1
1639647923.569;1309711.1;124.9;32.2;217.6;1.25;0.0;0.0;0.0;2;1;1
1639647938.573;1309724.34;123.5;30.7;216.3;1.35;0.0;0.0;0.0;2;1;1
1639647953.569;1309733.14;121.95;29.6;214.3;1.31;0.03;0.05584;0.0;2;1;1
1639647968.57;1309746.37;122.15;29.3;215.0;1.18;0.02;0.04382;0.0;2;1;1
1639647983.569;1309759.58;121.75;28.5;215.0;1.21;0.02;0.03588;0.0;2;1;1
1639647998.569;1309772.8;122.2;28.1;216.3;1.22;0.02;0.03042;0.0;2;1;1
1639648013.57;1309785.96;124.85;31.7;218.0;1.27;0.01;0.02634;0.0;2;1;1
1639648028.571;1309799.22;122.35;29.8;214.9;1.29;0.01;0.02337;0.0;2;1;1
1639648043.572;1309812.36;124.0;30.7;217.3;1.25;0.01;0.02095;0.0;2;1;1
1639648058.572;1309825.55;124.35;31.6;217.1;1.33;0.01;0.01903;0.0;2;1;1
1639648073.574;1309838.81;123.5;29.3;217.7;1.29;0.01;0.0174;0.0;2;1;1
1639648088.574;1309852.05;123.65;28.8;218.5;1.5;0.01;0.01599;0.0;2;1;1
1639648103.575;1309865.23;123.5;30.1;216.9;1.17;0.01;0.01479;0.0;2;1;1
1639648118.573;1309878.45;123.25;31.0;215.5;1.26;0.01;0.0138;0.0;2;1;1
1639648133.574;1309891.71;122.4;29.3;215.5;1.18;0.01;0.01921;0.0;2;1;1
1639648148.574;1309904.95;124.05;31.4;216.7;1.19;0.01;0.02432;0.0;2;1;1
1639648163.575;1309912.11;121.65;28.4;214.9;1.54;0.01;0.023;0.0;2;1;1
1639648178.576;1309916.56;124.4;31.2;217.6;1.56;0.01;0.02174;0.0;2;1;1
1639648193.576;1309928.95;154.97;30.9;217.0;1.33;0.01;0.02067;0.0;3;1;1
1639648208.577;1309941.38;153.0;30.1;214.45;1.27;0.01;0.0197;0.0;3;1;2
1639648223.577;1309953.73;154.23;31.1;215.8;1.27;0.01;0.0188;0.0;3;1;2
1639648238.578;1309966.15;156.63;31.7;219.1;1.26;0.01;0.018;0.0;3;1;2
1639648253.578;1309978.47;154.7;30.3;216.9;1.24;0.01;0.01726;0.0;3;1;2
1639648268.579;1309990.99;154.43;31.5;215.9;1.24;0.01;0.01657;0.0;3;1;2
1639648283.579;1310003.33;154.03;29.5;216.3;0.95;0.01;0.01595;0.0;3;1;2
1639648298.58;1310015.77;155.07;32.4;216.4;1.11;0.01;0.01536;0.0;3;1;2
1639648313.58;1310028.15;155.07;30.4;217.4;1.31;0.0;0.01483;0.0;3;1;2
1639648328.582;1310040.61;155.23;30.2;217.75;1.26;0.0;0.01432;0.0;3;1;2
1639648343.581;1310053.0;155.6;31.3;217.75;1.33;0.0;0.01384;0.0;3;1;2
1639648358.582;1310065.41;152.67;30.4;213.8;1.28;0.0;0.0134;0.0;3;1;2
1639648373.583;1310077.85;155.77;31.3;218.0;1.25;0.0;0.01298;0.0;3;1;2
1639648388.582;1310090.31;155.0;31.5;216.75;1.07;0.0;0.01259;0.0;3;1;2
1639648403.583;1310102.67;154.13;31.2;215.6;1.32;0.0;0.01222;0.0;3;1;2
1639648418.584;1310115.11;154.73;31.2;216.5;1.28;0.0;0.01188;0.0;3;1;2
1639648433.584;1310127.54;154.23;30.5;216.1;1.35;0.0;0.01156;0.0;3;1;2
1639648448.584;1310139.99;154.63;30.3;216.8;1.22;0.0;0.01124;0.0;3;1;2
1639648463.585;1310144.72;155.37;32.0;217.05;1.67;0.0;0.01095;0.0;3;1;2
1639648478.586;1310149.75;155.17;30.4;217.55;1.58;0.0;0.01068;0.0;3;1;2
1639648493.585;1310161.19;122.6;28.05;217.15;1.37;0.01;0.02084;0.0;4;1;2
1639648508.586;1310172.77;123.15;27.9;218.4;1.25;0.01;0.01017;0.0;4;2;2
1639648523.587;1310184.28;124.05;28.7;219.4;1.26;0.0;0.00991;0.0;4;2;2
1639648538.586;1310191.98;123.48;28.95;218.0;1.26;0.0;0.00967;0.0;4;2;2
1639648553.587;1310203.42;124.17;29.9;218.45;1.31;0.0;0.00945;0.0;4;2;2
1639648568.587;1310215.01;123.93;29.45;218.4;1.16;0.01;0.01156;0.0;4;2;2
1639648583.587;1310226.45;123.65;29.55;217.75;1.15;0.01;0.01131;0.0;4;2;2
1639648598.588;1310237.94;123.22;29.05;217.4;1.3;0.01;0.01107;0.0;4;2;2
1639648613.589;1310249.57;122.95;29.0;216.9;1.3;0.01;0.01285;0.0;4;2;2
1639648628.589;1310261.07;123.7;29.05;218.35;1.26;0.02;0.03227;0.0;4;2;2
1639648643.589;1310272.6;123.9;29.35;218.45;1.26;0.01;0.02984;0.0;4;2;2
1639648658.59;1310284.11;123.8;29.45;218.15;1.35;0.01;0.02783;0.0;4;2;2
1639648673.591;1310295.71;124.42;30.2;218.65;1.29;0.01;0.02613;0.0;4;2;2
1639648688.591;1310307.25;124.15;29.55;218.75;1.25;0.01;0.02663;0.0;4;2;2
1639648703.592;1310318.73;124.1;29.95;218.25;1.2;0.01;0.02534;0.0;4;2;2
1639648718.592;1310330.22;124.6;30.75;218.45;1.28;0.01;0.02418;0.0;4;2;2
1639648733.593;1310341.79;124.63;29.85;219.4;1.27;0.01;0.0232;0.0;4;2;2
1639648748.594;1310353.33;123.53;29.15;217.9;1.18;0.01;0.02228;0.0;4;2;2
1639648763.594;1310359.42;123.55;27.75;219.35;1.56;0.01;0.02327;0.0;4;2;2
1639648778.594;1310361.39;123.6;27.55;219.65;1.44;0.01;0.0274;0.0;4;2;2
1639648793.595;1310372.04;142.5;27.7;219.03;1.61;0.01;0.02652;0.0;5;2;2
1639648808.595;1310382.8;142.58;27.45;219.33;1.2;0.01;0.02556;0.0;5;2;3
1639648823.595;1310393.36;142.42;27.5;219.03;1.28;0.01;0.0247;0.0;5;2;3
1639648838.596;1310404.11;142.72;27.7;219.4;1.27;0.01;0.0239;0.0;5;2;3
1639648853.596;1310414.69;142.06;26.15;219.33;1.27;0.01;0.02317;0.0;5;2;3
1639648868.601;1310425.4;142.76;27.9;219.33;1.21;0.01;0.02248;0.0;5;2;3
1639648883.596;1310435.96;142.0;25.95;219.37;1.25;0.01;0.02184;0.0;5;2;3
1639648898.597;1310446.64;142.78;27.85;219.4;1.34;0.01;0.02473;0.0;5;2;3
1639648913.598;1310457.26;142.5;27.2;219.37;1.31;0.01;0.02426;0.0;5;2;3
1639648928.597;1310468.02;141.84;25.5;219.4;1.36;0.01;0.02409;0.0;5;2;3
1639648943.599;1310478.55;141.82;26.4;218.77;1.35;0.01;0.02613;0.0;5;2;3
1639648958.599;1310489.28;142.2;26.45;219.37;1.35;0.01;0.02542;0.0;5;2;3
1639648973.6;1310499.99;142.42;27.0;219.37;1.33;0.01;0.02474;0.0;5;2;3
1639648988.601;1310510.72;142.18;26.45;219.33;1.26;0.01;0.02413;0.0;5;2;3
1639649003.601;1310521.37;142.3;26.75;219.33;1.28;0.01;0.02354;0.0;5;2;3
1639649018.601;1310531.97;141.98;26.45;219.0;1.27;0.01;0.02298;0.0;5;2;3
1639649033.602;1310539.04;142.32;26.7;219.4;1.29;0.01;0.02245;0.0;5;2;3
1639649048.602;1310549.7;142.58;28.35;218.73;1.22;0.01;0.02193;0.0;5;2;3
1639649063.603;1310555.62;141.98;26.0;219.3;1.48;0.01;0.02151;0.0;5;2;3
1639649078.603;1310556.89;141.9;26.15;219.07;1.33;0.01;0.02582;0.0;5;2;3
1639649093.603;1310565.16;129.13;38.97;219.3;1.51;0.01;0.02738;0.0;6;2;3
1639649108.604;1310574.88;123.53;27.77;219.3;1.39;0.01;0.02016;0.0;6;3;3
1639649123.604;1310584.54;123.33;27.33;219.33;1.31;0.01;0.01992;0.0;6;3;3
1639649138.605;1310594.26;122.98;26.63;219.33;1.33;0.01;0.01948;0.0;6;3;3
1639649153.607;1310603.95;123.48;27.7;219.27;1.37;0.01;0.01906;0.0;6;3;3
1639649168.606;1310613.58;123.7;28.0;219.4;1.41;0.01;0.01866;0.0;6;3;3
1639649183.606;1310623.28;122.93;26.8;219.07;1.35;0.01;0.01829;0.0;6;3;3
1639649198.608;1310632.93;123.3;27.33;219.27;1.35;0.01;0.01793;0.0;6;3;3
1639649213.612;1310642.52;123.0;26.73;219.27;1.37;0.01;0.01758;0.0;6;3;3
1639649228.608;1310652.26;123.72;28.27;219.17;1.48;0.01;0.01725;0.0;6;3;3
1639649243.608;1310661.95;123.27;27.13;219.4;1.36;0.01;0.01694;0.0;6;3;3
1639649258.61;1310671.62;123.5;27.67;219.33;1.37;0.01;0.01737;0.0;6;3;3
1639649273.61;1310681.26;123.5;27.97;219.03;1.32;0.01;0.01707;0.0;6;3;3
1639649288.611;1310691.1;123.57;27.8;219.33;1.2;0.01;0.01678;0.0;6;3;3
1639649303.61;1310700.75;123.4;27.5;219.3;1.38;0.01;0.01697;0.0;6;3;3
1639649318.611;1310710.46;123.4;27.47;219.33;1.41;0.01;0.01804;0.0;6;3;3
1639649333.612;1310720.14;123.62;28.2;219.03;1.43;0.01;0.01883;0.0;6;3;3
1639649348.613;1310729.86;123.08;26.9;219.27;1.32;0.01;0.01853;0.0;6;3;3
1639649363.613;1310734.06;123.37;27.37;219.37;1.48;0.01;0.01823;0.0;6;3;3
1639649378.613;1310734.46;123.52;27.37;219.67;1.52;0.01;0.01795;0.0;6;3;3
1639649393.614;1310742.82;152.93;27.17;247.25;1.49;0.01;0.01797;0.0;7;3;3
1639649408.614;1310751.74;136.54;26.4;219.15;1.38;0.01;0.0208;0.0;7;3;4
1639649423.614;1310757.54;136.53;26.53;219.02;1.37;0.01;0.02037;0.0;7;3;4
1639649438.616;1310766.4;136.41;25.9;219.3;1.46;0.01;0.0206;0.0;7;3;4
1639649453.616;1310775.17;136.79;26.97;219.15;1.53;0.01;0.02053;0.0;7;3;4
1639649468.617;1310783.99;136.4;25.9;219.28;1.52;0.01;0.02016;0.0;7;3;4
1639649483.617;1310792.83;136.73;26.6;219.32;1.43;0.01;0.01979;0.0;7;3;4
1639649498.617;1310801.71;136.6;26.6;219.1;1.42;0.01;0.01945;0.0;7;3;4
1639649513.618;1310810.53;136.21;25.73;219.07;1.39;0.01;0.01912;0.0;7;3;4
1639649528.617;1310819.52;136.57;26.27;219.3;1.4;0.01;0.01944;0.0;7;3;4
1639649543.618;1310828.22;136.34;26.27;218.9;1.44;0.01;0.01935;0.0;7;3;4
1639649558.619;1310837.01;136.67;26.5;219.3;1.29;0.01;0.01915;0.0;7;3;4
1639649573.62;1310845.77;136.57;26.23;219.32;1.42;0.01;0.01886;0.0;7;3;4
1639649588.619;1310854.71;136.54;26.47;219.1;1.26;0.01;0.01857;0.0;7;3;4
1639649603.62;1310863.39;136.5;26.4;219.08;1.32;0.01;0.01831;0.0;7;3;4
1639649618.62;1310872.15;136.79;26.73;219.32;1.33;0.01;0.01804;0.0;7;3;4
1639649633.62;1310880.81;136.47;26.03;219.3;1.5;0.01;0.0178;0.0;7;3;4
1639649648.621;1310889.76;136.54;26.13;219.35;1.35;0.01;0.01832;0.0;7;3;4
1639649663.621;1310893.59;137.04;27.8;218.98;1.55;0.01;0.01809;0.0;7;3;4
1639649678.622;1310894.26;136.8;27.3;218.93;1.07;0.01;0.02009;0.0;7;3;4
1639649693.621;1310900.37;136.84;27.3;219.0;1.39;0.01;0.02037;0.0;7;3;4
1639649708.622;1310908.22;123.09;27.08;219.1;1.39;0.01;0.01563;0.0;8;4;4
1639649723.623;1310916.14;122.95;26.75;219.15;1.39;0.01;0.01542;0.0;8;4;4
1639649738.623;1310923.92;122.92;26.73;219.13;1.39;0.01;0.01521;0.0;8;4;4
1639649753.624;1310931.83;123.05;26.83;219.27;1.47;0.01;0.01555;0.0;8;4;4
1639649768.624;1310939.77;123.27;27.23;219.32;1.37;0.01;0.01644;0.0;8;4;4
1639649783.624;1310945.0;123.28;27.4;219.15;1.38;0.01;0.01629;0.0;8;4;4
1639649798.625;1310952.83;122.76;26.3;219.23;1.37;0.01;0.01746;0.0;8;4;4
1639649813.626;1310960.65;122.82;26.4;219.25;1.12;0.01;0.01723;0.0;8;4;4
1639649828.629;1310968.44;123.35;27.35;219.35;1.39;0.01;0.01851;0.0;8;4;4
1639649843.625;1310976.41;122.69;26.05;219.32;1.35;0.01;0.01827;0.0;8;4;4
1639649858.626;1310984.32;122.79;26.32;219.25;1.53;0.01;0.01899;0.0;8;4;4
1639649873.626;1310992.23;122.69;26.77;218.6;1.39;0.01;0.01874;0.0;8;4;4
1639649888.626;1311000.27;123.03;26.8;219.25;1.51;0.01;0.01898;0.0;8;4;4
1639649903.626;1311008.2;123.14;26.93;219.35;1.38;0.01;0.01874;0.0;8;4;4
1639649918.626;1311016.08;123.2;27.1;219.3;1.41;0.01;0.01939;0.0;8;4;4
1639649933.626;1311023.92;122.85;26.4;219.3;1.49;0.01;0.02007;0.0;8;4;4
1639649948.627;1311031.83;122.83;26.27;219.38;1.44;0.01;0.02011;0.0;8;4;4
1639649963.626;1311034.99;122.21;25.35;219.07;1.49;0.01;0.02031;0.0;8;4;4
1639649978.626;1311035.52;123.25;27.15;219.35;1.52;0.01;0.02007;0.0;8;4;4
1639649993.627;1311039.83;156.86;27.48;260.36;1.48;0.01;0.02109;0.0;9;4;4
1639650008.627;1311046.82;133.17;25.78;219.08;1.46;0.01;0.02209;0.0;9;4;5
1639650023.628;1311053.81;133.28;26.57;218.64;1.37;0.01;0.024;0.0;9;4;5
1639650038.628;1311060.8;133.7;27.1;218.98;1.42;0.01;0.02441;0.0;9;4;5
1639650053.628;1311067.76;133.57;26.98;218.84;1.26;0.01;0.02494;0.0;9;4;5
1639650068.628;1311074.72;133.76;26.77;219.34;1.39;0.01;0.02501;0.0;9;4;5
1639650083.628;1311079.36;133.22;25.88;219.1;1.34;0.01;0.02466;0.0;9;4;5
1639650098.629;1311086.27;133.7;27.05;219.02;1.45;0.01;0.02466;0.0;9;4;5
1639650113.629;1311093.25;133.42;26.23;219.18;1.36;0.01;0.02538;0.0;9;4;5
1639650128.629;1311100.28;134.02;27.43;219.3;1.38;0.01;0.02538;0.0;9;4;5
1639650143.629;1311107.23;134.02;27.5;219.24;1.51;0.01;0.02576;0.0;9;4;5
1639650158.63;1311114.21;133.93;27.6;219.0;1.39;0.01;0.02545;0.0;9;4;5
1639650173.63;1311121.11;133.61;26.85;219.02;1.53;0.01;0.02514;0.0;9;4;5
1639650188.634;1311128.15;133.56;26.52;219.18;1.56;0.01;0.02524;0.0;9;4;5
1639650203.63;1311135.14;133.78;27.48;218.82;1.63;0.01;0.02558;0.0;9;4;5
1639650218.631;1311142.16;133.47;26.33;219.18;1.4;0.01;0.02528;0.0;9;4;5
1639650233.632;1311149.05;133.77;27.02;219.16;1.51;0.01;0.02555;0.0;9;4;5
1639650248.632;1311156.09;133.24;25.82;219.18;1.52;0.01;0.02542;0.0;9;4;5
1639650263.633;1311158.84;134.08;28.08;218.88;1.63;0.01;0.02552;0.0;9;4;5
1639650278.633;1311159.37;134.1;27.55;219.34;1.54;0.01;0.02656;0.0;9;4;5
1639650293.635;1311164.12;133.3;26.22;218.96;1.74;0.01;0.0266;0.0;9;4;5
1639650308.633;1311168.33;123.09;26.96;219.22;1.48;0.01;0.02196;0.0;10;5;5
1639650323.633;1311176.75;123.3;27.18;219.42;1.45;0.01;0.02203;0.0;10;5;5
1639650338.634;1311180.93;123.33;27.06;219.6;1.61;0.01;0.02203;0.0;10;5;5
1639650353.634;1311189.35;123.1;26.82;219.38;1.61;0.01;0.02181;0.0;10;5;5
1639650368.635;1311193.63;123.45;27.94;218.96;1.71;0.01;0.02158;0.0;10;5;5
1639650383.636;1311200.0;122.84;26.72;218.96;1.54;0.01;0.02137;0.0;10;5;5
1639650398.636;1311206.44;123.06;27.3;218.82;1.59;0.02;0.03333;0.0;10;5;5
1639650413.636;1311212.75;123.25;27.2;219.3;1.59;0.02;0.03164;0.0;10;5;5
1639650428.637;1311219.09;122.69;26.36;219.02;1.63;0.02;0.03011;0.0;10;5;5
1639650443.638;1311225.23;123.24;27.2;219.28;1.59;0.01;0.02891;0.0;10;5;5
1639650458.637;1311231.42;123.17;27.06;219.28;1.35;0.01;0.02829;0.0;10;5;5
1639650473.638;1311237.65;122.9;27.2;218.6;1.54;0.01;0.02755;0.0;10;5;5
1639650488.639;1311244.0;123.15;26.92;219.38;1.52;0.01;0.02999;0.0;10;5;5
1639650503.638;1311250.26;122.97;26.86;219.08;1.54;0.01;0.02951;0.0;10;5;5
1639650518.64;1311256.53;123.23;27.12;219.34;1.63;0.02;0.0343;0.0;10;5;5
1639650533.64;1311262.6;123.23;27.28;219.18;1.48;0.02;0.03346;0.0;10;5;5
1639650548.639;1311266.78;122.81;26.42;219.2;1.63;0.02;0.03249;0.0;10;5;5
1639650563.64;1311269.16;123.41;27.54;219.28;1.9;0.02;0.03408;0.0;10;5;5
1639650578.64;1311269.16;123.57;27.86;219.28;1.5;0.02;0.03543;0.0;10;5;5
1639650593.641;1311273.13;123.08;26.96;219.2;1.75;0.02;0.04454;0.0;10;5;5
1639650608.641;1311278.64;131.54;27.36;218.35;1.5;0.02;0.0474;0.0;11;5;6
1639650623.642;1311284.2;131.53;27.0;218.63;1.55;0.02;0.04792;0.0;11;5;6
1639650638.642;1311289.39;131.57;27.24;218.52;1.27;0.02;0.04862;0.0;11;5;6
1639650653.642;1311292.86;131.02;26.72;217.93;1.5;0.02;0.04802;0.0;11;5;6
1639650668.642;1311298.21;131.37;26.8;218.52;1.49;0.02;0.04905;0.0;11;5;6
1639650683.643;1311303.36;131.32;26.74;218.47;1.49;0.02;0.04897;0.0;11;5;6
1639650698.643;1311308.6;131.61;27.02;218.77;1.22;0.02;0.04923;0.0;11;5;6
1639650713.645;1311313.82;131.5;26.84;218.72;1.49;0.02;0.04866;0.0;11;5;6
1639650728.645;1311319.15;131.12;26.4;218.38;1.42;0.02;0.04919;0.0;11;5;6
1639650743.645;1311324.36;131.14;26.12;218.65;1.62;0.02;0.05001;0.0;11;5;6
1639650758.646;1311329.73;131.1;26.56;218.22;1.56;0.02;0.04942;0.0;11;5;6
1639650773.647;1311334.99;131.48;27.52;218.12;1.61;0.02;0.04869;0.0;11;5;6
1639650788.647;1311340.13;131.45;27.18;218.33;1.65;0.02;0.04779;0.0;11;5;6
1639650803.648;1311345.4;131.35;26.84;218.43;1.6;0.02;0.04973;0.0;11;5;6
1639650818.648;1311350.62;131.52;27.14;218.5;1.58;0.02;0.04966;0.0;11;5;6
1639650833.649;1311355.77;131.15;26.24;218.58;1.56;0.02;0.04926;0.0;11;5;6
1639650848.649;1311359.39;131.09;26.74;218.05;1.55;0.02;0.05035;0.0;11;5;6
1639650863.649;1311361.15;131.33;26.54;218.65;1.87;0.02;0.04975;0.0;11;5;6
1639650878.651;1311361.17;131.37;27.18;218.2;1.62;0.02;0.05356;0.0;11;5;6
1639650893.649;1311361.79;131.06;26.86;217.9;1.81;0.03;0.05564;0.0;11;5;6
1639650908.65;1311366.3;122.7;26.37;219.03;1.7;0.03;0.05569;0.0;12;5;6
1639650923.65;1311370.72;123.17;27.37;218.97;1.48;0.02;0.04878;0.0;12;6;6
1639650938.651;1311375.24;123.82;28.32;219.32;1.6;0.03;0.05408;0.0;12;6;6
1639650953.65;1311379.62;122.98;26.63;219.32;1.56;0.04;0.07271;0.0;12;6;6
1639650968.65;1311384.01;122.55;25.95;219.15;1.43;0.03;0.06718;0.0;12;6;6
1639650983.651;1311388.61;122.71;26.13;219.28;1.56;0.03;0.0628;0.0;12;6;6
1639650998.653;1311392.99;122.81;26.68;218.93;1.74;0.03;0.06086;0.0;12;6;6
1639651013.653;1311397.31;123.08;27.43;218.73;1.67;0.03;0.05931;0.0;12;6;6
1639651028.652;1311401.69;123.02;26.87;219.17;1.54;0.03;0.05768;0.0;12;6;6
1639651043.653;1311406.26;122.82;26.62;219.02;1.56;0.03;0.05753;0.0;12;6;6
1639651058.653;1311410.68;122.27;25.97;218.57;1.58;0.03;0.05779;0.0;12;6;6
1639651073.654;1311415.2;122.74;26.13;219.35;1.65;0.03;0.057;0.0;12;6;6
1639651088.655;1311419.83;123.25;27.15;219.35;1.62;0.03;0.05707;0.0;12;6;6
1639651103.655;1311424.43;122.61;26.32;218.9;1.55;0.03;0.05635;0.0;12;6;6
1639651118.656;1311429.09;123.09;27.05;219.13;1.58;0.03;0.05813;0.0;12;6;6
1639651133.656;1311433.69;122.8;26.72;218.88;1.55;0.03;0.05919;0.0;12;6;6
1639651148.656;1311436.75;122.58;26.37;218.8;1.54;0.03;0.06123;0.0;12;6;6
1639651163.657;1311437.98;123.23;27.43;219.03;1.83;0.03;0.06278;0.0;12;6;6
1639651178.658;1311438.07;123.41;27.48;219.33;1.61;0.03;0.06455;0.0;12;6;6
1639651193.657;1311438.23;123.55;27.73;219.37;1.71;0.04;0.07184;0.0;12;6;6
1639651208.659;1311441.75;130.64;27.55;219.0;1.58;0.04;0.07415;0.0;13;6;6
1639651223.661;1311445.63;130.35;26.85;219.06;1.53;0.03;0.07357;0.0;13;6;7
1639651238.659;1311449.58;130.11;26.18;219.19;1.64;0.03;0.07206;0.0;13;6;7
1639651253.66;1311453.36;130.62;27.12;219.34;1.63;0.03;0.07251;0.0;13;6;7
1639651268.66;1311457.18;129.88;25.68;219.19;1.65;0.03;0.07323;0.0;13;6;7
1639651283.66;1311461.08;130.26;26.57;219.14;1.61;0.03;0.07226;0.0;13;6;7
1639651298.661;1311464.97;130.2;26.27;219.29;1.53;0.03;0.07155;0.0;13;6;7
1639651313.662;1311468.88;130.13;26.37;219.07;1.62;0.03;0.07311;0.0;13;6;7
1639651328.662;1311472.73;130.25;26.62;219.09;1.68;0.03;0.07425;0.0;13;6;7
1639651343.663;1311476.42;130.32;26.78;219.07;1.6;0.03;0.07421;0.0;13;6;7
1639651358.664;1311480.0;129.75;25.37;219.21;1.61;0.04;0.07588;0.0;13;6;7
1639651373.664;1311483.63;129.98;26.13;218.99;1.55;0.03;0.07549;0.0;13;6;7
1639651388.665;1311487.12;130.28;26.37;219.34;1.62;0.03;0.07495;0.0;13;6;7
1639651403.666;1311490.78;129.96;26.12;218.97;1.51;0.03;0.07401;0.0;13;6;7
1639651418.666;1311493.29;129.82;25.78;218.99;1.67;0.03;0.07507;0.0;13;6;7
1639651433.667;1311496.98;130.15;26.53;218.96;1.68;0.04;0.07598;0.0;13;6;7
1639651448.667;1311500.45;130.02;26.28;218.94;1.69;0.03;0.07565;0.0;13;6;7
1639651463.667;1311501.04;129.95;25.88;219.16;2.13;0.03;0.07576;0.0;13;6;7
1639651478.668;1311501.31;129.71;25.35;219.16;1.89;0.03;0.07576;0.0;13;6;7
1639651493.667;1311501.31;130.42;27.0;219.07;1.71;0.04;0.07699;0.0;13;6;7
1639651508.668;1311501.74;130.1;26.37;219.01;1.71;0.04;0.0794;0.0;13;6;7
1639651523.669;1311504.82;122.99;27.01;218.97;1.77;0.03;0.06968;0.0;14;7;7
1639651538.669;1311507.72;123.04;27.27;218.81;1.65;0.04;0.07019;0.0;14;7;7
1639651553.67;1311510.41;122.98;27.39;218.57;1.75;0.04;0.08393;0.0;14;7;7
1639651568.669;1311513.12;123.04;26.97;219.11;1.64;0.04;0.08038;0.0;14;7;7
1639651583.67;1311515.98;123.16;26.97;219.36;1.71;0.05;0.09191;0.0;14;7;7
1639651598.671;1311518.85;122.81;27.0;218.61;1.7;0.04;0.08776;0.0;14;7;7
1639651613.671;1311521.64;123.09;27.04;219.14;1.7;0.04;0.08655;0.0;14;7;7
1639651628.671;1311524.29;122.94;26.94;218.94;1.71;0.04;0.08667;0.0;14;7;7
1639651643.671;1311527.12;122.79;26.5;219.07;1.53;0.04;0.08602;0.0;14;7;7
1639651658.671;1311529.01;123.31;27.46;219.16;1.77;0.04;0.08462;0.0;14;7;7
1639651673.672;1311531.87;122.89;27.03;218.76;1.77;0.04;0.08683;0.0;14;7;7
1639651688.672;1311534.47;123.21;27.29;219.13;1.64;0.05;0.09623;0.0;14;7;7
1639651703.673;1311537.33;122.74;26.43;219.04;1.7;0.05;0.09733;0.0;14;7;7
1639651718.676;1311540.01;123.19;27.43;218.96;1.65;0.05;0.09688;0.0;14;7;7
1639651733.672;1311542.82;123.08;27.07;219.09;1.64;0.05;0.09435;0.0;14;7;7
1639651748.673;1311545.48;123.29;27.44;219.14;1.72;0.05;0.09276;0.0;14;7;7
1639651763.673;1311545.7;122.66;26.1;219.21;2.16;0.05;0.09367;0.0;14;7;7
1639651778.674;1311545.84;122.56;26.34;218.79;1.92;0.05;0.09399;0.0;14;7;7
1639651793.673;1311545.84;122.62;26.84;218.4;1.71;0.05;0.09236;0.0;14;7;7
1639651808.674;1311545.84;122.86;27.2;218.53;1.61;0.05;0.09555;0.0;14;7;7
1639651823.675;1311547.07;172.12;27.56;298.61;1.49;0.05;0.09789;0.0;15;7;7
1639651838.675;1311549.19;129.15;26.44;219.02;1.69;0.05;0.10001;0.0;15;7;8
1639651853.676;1311551.11;128.94;26.11;218.91;1.58;0.05;0.0989;0.0;15;7;8
1639651868.676;1311552.94;129.06;26.1;219.15;1.66;0.05;0.09803;0.0;15;7;8
1639651883.679;1311554.12;129.88;27.74;219.25;1.88;0.05;0.09681;0.0;15;7;8
1639651898.678;1311556.18;129.21;26.56;219.04;1.81;0.05;0.09655;0.0;15;7;8
1639651913.677;1311558.29;129.31;26.76;219.04;1.76;0.05;0.0972;0.0;15;7;8
1639651928.678;1311560.29;129.97;28.04;219.15;1.64;0.04;0.09642;0.0;15;7;8
1639651943.678;1311562.53;129.46;26.86;219.24;1.89;0.05;0.09747;0.0;15;7;8
1639651958.679;1311564.7;128.94;26.2;218.84;1.7;0.05;0.09744;0.0;15;7;8
1639651973.679;1311566.93;129.76;27.69;219.08;1.41;0.05;0.09724;0.0;15;7;8
1639651988.68;1311569.07;129.19;26.36;219.16;1.65;0.05;0.09887;0.0;15;7;8
1639652003.68;1311571.29;129.28;26.67;219.06;1.69;0.05;0.10062;0.0;15;7;8
1639652018.68;1311573.06;129.73;27.53;219.16;1.83;0.05;0.10131;0.0;15;7;8
1639652033.681;1311574.96;128.92;26.01;218.96;1.76;0.05;0.10189;0.0;15;7;8
1639652048.682;1311576.68;128.97;26.13;218.96;1.6;0.05;0.10111;0.0;15;7;8
1639652063.683;1311576.85;129.22;26.96;218.7;2.2;0.05;0.10117;0.0;15;7;8
1639652078.683;1311576.86;129.3;26.69;219.09;1.87;0.05;0.10281;0.0;15;7;8
1639652093.684;1311576.86;129.05;25.9;219.3;1.58;0.05;0.10233;0.0;15;7;8
1639652108.684;1311576.86;129.11;26.41;218.97;1.82;0.05;0.10264;0.0;15;7;8
1639652123.685;1311576.86;128.99;26.07;219.04;1.89;0.05;0.10581;0.0;15;7;8
1639652138.685;1311577.09;129.62;27.27;219.17;1.99;0.05;0.10611;0.0;15;7;8
1639652153.686;1311578.44;123.24;27.36;219.11;2.08;0.27;0.53881;0.0;16;8;8
1639652168.687;1311579.74;122.62;26.18;219.06;1.79;0.07;0.14584;0.0;16;8;8
1639652183.687;1311581.12;122.73;26.6;218.85;2.05;0.06;0.12063;0.0;16;8;8
1639652198.687;1311582.51;123.03;27.04;219.01;1.72;0.06;0.1127;0.0;16;8;8
1639652213.688;1311583.96;123.05;27.07;219.03;1.72;0.06;0.11603;0.0;16;8;8
1639652228.688;1311585.23;122.64;26.31;218.96;1.79;0.06;0.1159;0.0;16;8;8
1639652243.689;1311586.34;123.06;27.51;218.61;1.92;0.06;0.11315;0.0;16;8;8
1639652258.689;1311587.43;122.86;26.86;218.86;1.63;0.06;0.11484;0.0;16;8;8
1639652273.689;1311588.71;122.76;26.39;219.14;1.96;0.06;0.12324;0.0;16;8;8
1639652288.69;1311590.07;123.07;27.16;218.97;1.99;0.06;0.12277;0.0;16;8;8
1639652303.691;1311591.39;123.14;27.4;218.88;1.9;0.06;0.1207;0.0;16;8;8
1639652318.692;1311592.54;122.71;26.38;219.05;1.82;0.06;0.121;0.0;16;8;8
1639652333.692;1311593.32;123.01;26.96;219.05;1.72;0.06;0.12043;0.0;16;8;8
1639652348.692;1311594.59;122.94;26.66;219.21;1.79;0.06;0.12147;0.0;16;8;8
1639652363.693;1311594.68;123.51;27.75;219.26;2.58;0.06;0.12276;0.0;16;8;8
1639652378.693;1311594.76;122.89;27.11;218.66;1.93;0.06;0.1266;0.0;16;8;8
1639652393.693;1311594.77;123.07;26.96;219.18;1.99;0.06;0.12721;0.0;16;8;8
1639652408.698;1311594.77;122.79;27.31;218.27;1.83;0.06;0.12644;0.0;16;8;8
1639652423.694;1311594.77;116.05;25.08;218.4;2.11;0.06;0.1268;0.0;17;8;8
1639652438.694;1311594.77;122.94;26.81;219.07;2.15;0.06;0.12876;0.0;16;8;8
1639652453.695;1311594.77;122.74;26.59;218.9;1.93;0.06;0.12891;0.0;16;8;8
1639652468.694;1311594.92;123.21;27.5;218.93;1.74;0.06;0.12873;0.0;16;8;8
1639652483.697;1311595.59;129.26;28.12;219.17;1.93;0.06;0.12779;0.0;17;8;9
1639652498.695;1311596.37;129.09;27.99;218.97;2.06;0.06;0.13074;0.0;17;8;9
1639652513.696;1311597.1;128.66;26.95;219.08;1.94;0.06;0.13081;0.0;17;8;9
1639652528.696;1311597.86;128.94;27.68;218.94;2.01;0.06;0.13099;0.0;17;8;9
1639652543.696;1311598.69;128.79;27.55;218.78;1.79;0.06;0.1319;0.0;17;8;9
1639652558.697;1311599.19;129.07;27.54;219.32;1.88;0.06;0.13371;0.0;17;8;9
1639652573.696;1311599.88;128.74;27.4;218.81;1.79;0.06;0.13362;0.0;17;8;9
1639652588.697;1311600.66;128.85;27.35;219.08;1.89;0.06;0.13357;0.0;17;8;9
1639652603.699;1311601.45;128.92;27.44;219.13;1.93;0.06;0.13428;0.0;17;8;9
1639652618.698;1311602.35;129.14;27.91;219.12;1.61;0.06;0.13459;0.0;17;8;9
1639652633.698;1311603.2;128.38;26.7;218.77;1.66;0.06;0.13542;0.0;17;8;9
1639652648.699;1311604.1;128.33;26.55;218.8;1.86;0.06;0.13547;0.0;17;8;9
1639652663.698;1311604.11;128.52;26.89;218.87;2.08;0.06;0.13558;0.0;17;8;9
1639652678.699;1311604.12;128.44;27.1;218.51;2.14;0.06;0.13638;0.0;17;8;9
1639652693.699;1311604.12;128.36;26.45;218.94;1.95;0.07;0.13867;0.0;17;8;9
1639652708.7;1311604.12;128.88;27.5;219.0;2.29;0.07;0.13917;0.0;17;8;9
1639652723.7;1311604.12;128.62;26.79;219.14;1.91;0.07;0.13972;0.0;17;8;9
1639652738.7;1311604.12;128.9;27.48;219.06;2.3;0.07;0.14066;0.0;17;8;9
1639652753.7;1311604.12;128.95;27.53;219.1;2.07;0.07;0.14225;0.0;17;8;9
1639652768.7;1311604.12;128.15;26.01;218.93;2.02;0.07;0.1435;0.0;17;8;9
1639652783.707;1311604.12;128.85;27.31;219.11;2.08;0.07;0.14362;0.0;17;8;9
1639652798.702;1311604.12;128.63;27.05;218.92;2.15;0.07;0.14569;0.0;17;8;9
1639652813.702;1311604.14;128.29;26.12;219.11;1.78;0.07;0.14646;0.0;17;8;9
1639652828.702;1311604.27;122.68;26.26;219.11;2.1;0.07;0.13139;0.0;18;9;9
1639652843.702;1311604.35;123.14;26.8;219.49;2.17;0.08;0.15585;0.0;18;9;9
1639652858.701;1311604.43;122.58;26.34;218.81;2.22;0.08;0.16363;0.0;18;9;9
1639652873.702;1311604.53;122.79;26.6;218.99;2.22;0.08;0.15605;0.0;18;9;9
1639652888.702;1311604.64;123.05;27.04;219.06;2.12;0.09;0.17036;0.0;18;9;9
1639652903.702;1311604.78;123.16;26.96;219.37;2.25;0.09;0.17026;0.0;18;9;9
1639652918.702;1311604.9;122.91;27.08;218.74;2.18;0.09;0.17651;0.0;18;9;9
1639652933.703;1311605.02;123.12;27.11;219.13;2.05;0.09;0.17713;0.0;18;9;9
1639652948.702;1311605.09;123.16;27.19;219.12;1.97;0.09;0.17292;0.0;18;9;9
1639652963.703;1311605.09;123.08;27.54;218.61;2.32;0.09;0.17102;0.0;18;9;9
1639652978.703;1311605.09;122.82;27.11;218.53;2.14;0.09;0.17523;0.0;18;9;9
1639652993.703;1311605.09;122.96;26.82;219.09;2.27;0.09;0.17715;0.0;18;9;9
1639653008.704;1311605.09;122.82;26.59;219.06;2.12;0.09;0.17915;0.0;18;9;9
1639653023.704;1311605.09;122.77;26.99;218.54;1.87;0.09;0.18065;0.0;18;9;9
1639653038.705;1311605.09;123.04;27.14;218.94;2.13;0.09;0.18161;0.0;18;9;9
1639653053.706;1311605.09;123.13;27.32;218.93;2.03;0.09;0.18015;0.0;18;9;9
1639653068.705;1311605.09;123.37;27.92;218.82;1.97;0.09;0.18168;0.0;18;9;9
1639653083.707;1311605.09;123.62;27.88;219.36;2.13;0.09;0.18364;0.0;18;9;9
1639653098.706;1311605.09;123.65;28.08;219.22;2.39;0.09;0.18361;0.0;18;9;9
1639653113.707;1311605.09;123.53;27.83;219.23;2.37;0.09;0.18465;0.0;18;9;9
1639653128.714;1311605.09;123.61;28.07;219.14;2.1;0.09;0.18399;0.0;18;9;9
1639653143.708;1311605.09;123.55;28.1;219.0;2.38;0.09;0.18571;0.0;18;9;9
1639653158.708;1311605.09;123.54;27.76;219.32;2.11;0.09;0.1868;0.0;18;9;9
1639653173.709;1311605.09;123.18;27.58;218.79;2.23;0.09;0.1868;0.0;18;9;9
1639653188.709;1311605.09;123.09;27.27;218.92;1.97;0.09;0.18666;0.0;18;9;9
1639653203.709;1311605.09;123.36;27.88;218.84;2.05;0.09;0.18769;0.0;18;9;9
1639653218.717;1311605.09;124.05;29.24;218.86;1.97;0.09;0.18819;0.0;18;9;9
1639653233.711;1311605.09;123.39;27.86;218.92;2.24;0.1;0.19108;0.0;18;9;9
1639653248.711;1311605.09;123.19;27.4;218.98;2.5;0.1;0.19089;0.0;18;9;9
1639653263.712;1311605.09;123.28;28.13;218.43;2.94;0.1;0.19236;0.0;18;9;9
1639653278.712;1311605.09;127.89;27.38;218.36;2.19;0.09;0.19498;0.0;19;9;10
1639653293.712;1311605.09;128.49;28.23;218.72;2.23;0.09;0.19643;0.0;19;9;10
1639653308.713;1311605.09;128.07;27.27;218.8;2.03;0.09;0.19644;0.0;19;9;10
1639653323.713;1311605.09;127.75;26.89;218.53;2.44;0.09;0.19657;0.0;19;9;10
1639653338.714;1311605.09;121.5;24.35;218.64;2.26;0.09;0.19855;0.0;20;9;10
1639653353.714;1311605.09;127.35;25.71;218.82;2.14;0.09;0.19821;0.0;19;9;10
1639653368.715;1311605.09;127.51;26.4;218.51;2.19;0.09;0.19934;0.0;19;9;10
1639653383.715;1311605.09;128.26;27.33;219.09;2.08;0.1;0.20237;0.0;19;9;10
1639653398.716;1311605.09;128.37;28.18;218.55;1.39;0.1;0.20466;0.0;19;9;10
1639653413.717;1311605.09;127.9;27.41;218.34;2.29;0.1;0.20534;0.0;19;9;10
1639653428.717;1311605.09;127.9;27.23;218.5;2.09;0.1;0.20712;0.0;19;9;10
1639653443.718;1311605.09;127.85;27.18;218.46;2.23;0.1;0.20948;0.0;19;9;10
1639653458.718;1311605.09;128.02;27.0;218.93;2.41;0.1;0.20895;0.0;19;9;10
1639653473.719;1311605.09;128.15;27.14;219.05;2.32;0.1;0.20873;0.0;19;9;10
1639653488.719;1311605.09;128.05;27.32;218.71;2.28;0.1;0.21028;0.0;19;9;10
1639653503.721;1311605.09;127.57;26.44;218.58;2.22;0.1;0.21157;0.0;19;9;10
1639653518.72;1311605.09;128.14;27.4;218.81;2.23;0.1;0.21188;0.0;19;9;10
1639653533.72;1311605.09;128.41;27.78;218.97;2.27;0.1;0.21283;0.0;19;9;10
1639653548.721;1311605.09;128.04;26.93;219.04;2.14;0.1;0.21348;0.0;19;9;10
1639653563.721;1311605.09;127.97;27.28;218.6;2.42;0.1;0.21396;0.0;19;9;10
1639653578.722;1311605.09;128.24;27.53;218.87;2.48;0.1;0.21374;0.0;19;9;10
1639653593.722;1311605.09;128.32;27.97;218.64;2.08;0.1;0.21385;0.0;19;9;10
1639653608.724;1311605.09;128.12;27.48;218.7;2.39;0.1;0.2136;0.0;19;9;10
1639653623.724;1311605.09;128.06;27.92;218.19;2.46;0.1;0.21501;0.0;19;9;10
1639653638.724;1311605.09;122.58;26.55;218.61;2.17;0.1;0.1933;0.0;20;10;10
1639653653.727;1311605.09;122.69;26.83;218.54;2.05;0.11;0.22683;0.0;20;10;10
1639653668.728;1311605.09;122.74;26.86;218.61;1.59;0.11;0.2235;0.0;20;10;10
1639653683.728;1311605.09;122.55;26.97;218.14;2.11;0.12;0.23173;0.0;20;10;10
1639653698.729;1311605.09;122.7;26.99;218.42;2.13;0.12;0.23885;0.0;20;10;10
1639653713.729;1311605.09;122.75;27.19;218.31;2.4;0.12;0.24349;0.0;20;10;10
1639653728.729;1311605.09;122.96;27.32;218.6;2.21;0.12;0.24594;0.0;20;10;10
1639653743.73;1311605.09;122.78;27.07;218.49;2.01;0.13;0.25244;0.0;20;10;10
1639653758.729;1311605.09;122.78;26.68;218.89;2.28;0.13;0.25349;0.0;20;10;10
1639653773.729;1311605.09;122.66;26.74;218.57;2.78;0.13;0.25245;0.0;20;10;10
1639653788.735;1311605.09;122.59;26.61;218.58;2.48;0.12;0.24887;0.0;20;10;10
1639653803.73;1311605.09;122.89;27.06;218.73;2.44;0.12;0.24903;0.0;20;10;10
1639653818.73;1311605.09;123.25;27.71;218.79;2.24;0.12;0.24727;0.0;20;10;10
1639653833.73;1311605.09;123.4;27.47;219.32;2.44;0.12;0.24737;0.0;20;10;10
1639653848.729;1311605.09;123.38;27.84;218.93;2.27;0.13;0.25347;0.0;20;10;10
1639653863.73;1311605.09;122.32;26.31;218.33;2.5;0.13;0.25281;0.0;20;10;10
1639653878.734;1311605.09;123.12;27.31;218.94;2.33;0.13;0.25468;0.0;20;10;10
1639653893.729;1311605.09;122.56;26.14;218.98;2.63;0.13;0.25251;0.0;20;10;10
1639653908.732;1311605.09;122.56;26.2;218.92;2.3;0.13;0.25125;0.0;20;10;10
1639653923.731;1311605.09;123.07;27.37;218.77;2.28;0.13;0.25262;0.0;20;10;10
1639653938.731;1311605.09;122.69;26.81;218.57;2.28;0.13;0.25285;0.0;20;10;10
1639653953.731;1311605.09;123.38;27.53;219.22;2.37;0.13;0.25419;0.0;20;10;10
1639653968.732;1311605.09;123.27;27.49;219.04;2.24;0.13;0.25372;0.0;20;10;10
1639653983.732;1311605.09;123.17;27.31;219.03;2.35;0.13;0.2542;0.0;20;10;10
1639653998.733;1311605.09;122.9;26.86;218.93;1.94;0.13;0.25582;0.0;20;10;10
1639654013.734;1311605.09;122.84;26.56;219.11;2.15;0.13;0.25695;0.0;20;10;10
1639654028.734;1311605.09;122.98;26.87;219.09;2.22;0.13;0.25706;0.0;20;10;10
1639654043.734;1311605.1;122.29;25.91;218.67;2.2;0.13;0.25577;0.0;20;10;10
1639654058.735;1311605.1;122.72;26.74;218.7;1.92;0.13;0.25536;0.0;20;10;10
1639654073.741;1311605.1;122.66;26.78;218.54;2.32;0.13;0.25416;0.0;20;10;10
1639654088.736;1311605.1;122.72;27.03;218.41;2.37;0.13;0.25555;0.0;20;10;10
1639654103.737;1311605.1;122.77;26.88;218.66;2.11;0.13;0.25559;0.0;20;10;10
1639654118.737;1311605.1;122.78;26.86;218.7;2.06;0.13;0.25508;0.0;20;10;10
1639654133.738;1311605.1;122.45;26.3;218.59;2.35;0.13;0.25435;0.0;20;10;10
1639654148.738;1311605.1;122.91;26.56;219.26;1.93;0.13;0.25462;0.0;20;10;10
1639654163.738;1311605.1;122.79;26.86;218.71;2.07;0.13;0.25422;0.0;20;10;10
1639654178.738;1311605.1;122.99;26.99;218.98;2.12;0.13;0.25493;0.0;20;10;10
1639654193.738;1311605.1;122.63;26.37;218.89;2.04;0.13;0.25455;0.0;20;10;10
1639654208.739;1311605.1;122.8;26.75;218.85;2.15;0.13;0.25506;0.0;20;10;10
1639654223.738;1311605.1;123.3;27.59;219.0;2.21;0.13;0.25368;0.0;20;10;10
1639654238.738;1311605.1;123.36;27.45;219.27;2.05;0.13;0.25323;0.0;20;10;10
1639654253.739;1311605.1;122.83;26.45;219.2;2.1;0.13;0.2547;0.0;20;10;10
1639654268.74;1311605.1;123.22;27.73;218.72;2.0;0.13;0.25436;0.0;20;10;10
1639654283.74;1311605.1;122.54;25.97;219.11;2.35;0.13;0.25327;0.0;20;10;10
1639654298.74;1311605.1;122.81;26.97;218.66;2.11;0.13;0.2533;0.0;20;10;10
1639654313.741;1311605.1;122.55;26.39;218.7;2.37;0.13;0.25348;0.0;20;10;10
1639654328.741;1311605.1;122.5;26.01;219.0;2.35;0.13;0.25368;0.0;20;10;10
1639654343.742;1311605.1;122.81;26.31;219.31;2.31;0.13;0.25362;0.0;20;10;10
1639654358.742;1311605.1;123.08;27.33;218.84;2.17;0.13;0.25306;0.0;20;10;10
1639654373.742;1311605.1;122.72;27.09;218.34;2.07;0.13;0.254;0.0;20;10;10
1639654388.743;1311605.1;123.12;27.32;218.92;1.9;0.13;0.25555;0.0;20;10;10
1639654403.742;1311605.1;122.89;27.16;218.61;2.05;0.13;0.25513;0.0;20;10;10
1639654418.743;1311605.1;123.12;27.56;218.69;2.03;0.13;0.25576;0.0;20;10;10
1639654433.743;1311605.1;122.66;26.46;218.86;2.35;0.13;0.2552;0.0;20;10;10
1639654448.744;1311605.1;122.9;26.83;218.97;2.25;0.13;0.25467;0.0;20;10;10
1639654463.746;1311605.1;122.42;26.35;218.48;2.29;0.13;0.25396;0.0;20;10;10
1639654478.743;1311605.1;122.83;26.9;218.75;2.43;0.13;0.25326;0.0;20;10;10
1639654493.744;1311605.1;122.66;26.43;218.88;2.24;0.13;0.25303;0.0;20;10;10
1639654508.744;1311605.1;122.42;25.85;218.98;2.42;0.13;0.25277;0.0;20;10;10
1639654523.744;1311605.1;122.8;26.53;219.07;2.3;0.13;0.25237;0.0;20;10;10
1639654538.744;1311605.1;122.64;26.47;218.81;2.12;0.13;0.25304;0.0;20;10;10
1639654553.745;1311605.1;122.76;26.73;218.79;2.15;0.13;0.25322;0.0;20;10;10
1639654568.745;1311605.1;122.73;26.58;218.89;2.04;0.13;0.25308;0.0;20;10;10
1639654583.745;1311605.1;123.4;27.59;219.2;2.17;0.13;0.25244;0.0;20;10;10
1639654598.746;1311605.1;123.0;26.98;219.02;2.09;0.13;0.25309;0.0;20;10;10
1639654613.746;1311605.1;122.89;26.7;219.08;1.99;0.13;0.25327;0.0;20;10;10
1639654628.747;1311605.1;123.46;27.71;219.2;2.11;0.13;0.25335;0.0;20;10;10
1639654643.748;1311605.1;122.94;26.79;219.08;2.25;0.13;0.25295;0.0;20;10;10
1639654658.748;1311605.1;123.15;27.26;219.04;2.1;0.13;0.25391;0.0;20;10;10
1639654673.749;1311605.1;123.58;28.17;218.99;2.3;0.13;0.25403;0.0;20;10;10
1639654688.749;1311605.1;123.28;27.99;218.56;2.36;0.13;0.25406;0.0;20;10;10
1639654703.75;1311605.1;123.28;27.74;218.81;2.41;0.13;0.25419;0.0;20;10;10
1639654718.749;1311605.1;122.69;26.81;218.56;2.16;0.13;0.2545;0.0;20;10;10
1639654733.75;1311605.1;123.58;27.89;219.26;2.14;0.13;0.25527;0.0;20;10;10
1639654748.75;1311605.1;123.37;27.7;219.04;2.35;0.13;0.25615;0.0;20;10;10
1639654763.75;1311605.1;123.08;27.44;218.71;2.14;0.13;0.25637;0.0;20;10;10
1639654778.75;1311605.1;123.03;27.18;218.88;2.33;0.13;0.25678;0.0;20;10;10
1639654793.751;1311605.1;123.1;27.35;218.86;2.31;0.13;0.25699;0.0;20;10;10
1639654808.752;1311605.1;122.88;27.3;218.47;2.31;0.13;0.25758;0.0;20;10;10
1639654823.751;1311605.1;123.14;27.21;219.06;2.28;0.13;0.25804;0.0;20;10;10
1639654838.757;1311605.1;122.75;26.51;218.98;2.43;0.13;0.25884;0.0;20;10;10
1639654853.752;1311605.1;122.73;26.49;218.96;2.6;0.13;0.25915;0.0;20;10;10
1639654868.752;1311605.1;123.02;26.78;219.26;2.54;0.13;0.26094;0.0;20;10;10
1639654883.752;1311605.11;123.09;27.11;219.08;2.32;0.13;0.2615;0.0;20;10;10
1639654898.753;1311605.11;123.09;27.12;219.06;2.21;0.13;0.26163;0.0;20;10;10
1639654913.753;1311605.11;122.96;26.79;219.13;2.34;0.13;0.26207;0.0;20;10;10
1639654928.754;1311605.11;123.6;28.02;219.18;2.21;0.13;0.2623;0.0;20;10;10
1639654943.754;1311605.11;122.82;26.66;218.97;2.34;0.13;0.26247;0.0;20;10;10
1639654958.753;1311605.11;122.77;26.66;218.88;2.35;0.13;0.2631;0.0;20;10;10
1639654973.754;1311605.11;122.93;26.53;219.34;2.04;0.13;0.26297;0.0;20;10;10
1639654988.753;1311605.11;122.89;26.82;218.97;1.99;0.13;0.26299;0.0;20;10;10
1639655003.753;1311605.11;123.15;27.78;218.53;2.36;0.13;0.26321;0.0;20;10;10
1639655018.754;1311605.11;122.75;26.35;219.14;2.17;0.13;0.26342;0.0;20;10;10
1639655033.753;1311605.11;123.44;27.86;219.03;2.47;0.13;0.26353;0.0;20;10;10
1639655048.755;1311605.11;123.05;27.03;219.06;2.44;0.13;0.26296;0.0;20;10;10
1639655063.755;1311605.11;123.0;27.1;218.89;2.22;0.13;0.26279;0.0;20;10;10
1639655078.754;1311605.11;123.4;27.68;219.11;2.35;0.13;0.26301;0.0;20;10;10
1639655093.756;1311605.11;122.7;26.53;218.86;2.3;0.13;0.26333;0.0;20;10;10
1639655108.755;1311605.11;123.35;27.54;219.16;1.88;0.13;0.26329;0.0;20;10;10
1639655123.756;1311605.11;123.32;27.41;219.23;2.18;0.13;0.264;0.0;20;10;10
1639655138.757;1311605.11;122.94;26.87;219.01;2.33;0.13;0.26348;0.0;20;10;10
1639655153.757;1311605.11;123.26;27.51;219.02;2.32;0.13;0.26357;0.0;20;10;10
1639655168.758;1311605.11;123.33;27.48;219.18;2.29;0.13;0.26364;0.0;20;10;10
1639655183.758;1311605.11;122.92;26.98;218.87;2.31;0.13;0.26353;0.0;20;10;10
1639655198.759;1311605.11;123.1;27.17;219.02;2.11;0.13;0.26358;0.0;20;10;10
1639655213.759;1311605.11;123.04;27.42;218.66;2.11;0.13;0.26387;0.0;20;10;10
1639655228.76;1311605.11;123.4;27.65;219.14;2.12;0.13;0.26368;0.0;20;10;10
1639655243.761;1311605.11;123.35;27.66;219.05;2.3;0.13;0.2637;0.0;20;10;10
1639655258.762;1311605.11;123.52;27.9;219.14;2.06;0.13;0.2635;0.0;20;10;10
1639655273.761;1311605.11;123.57;27.99;219.15;2.14;0.13;0.2634;0.0;20;10;10
1639655288.762;1311605.11;123.49;28.13;218.86;2.16;0.13;0.2639;0.0;20;10;10
1639655303.761;1311605.11;123.73;28.19;219.28;2.02;0.13;0.26392;0.0;20;10;10
1639655318.762;1311605.11;123.27;27.46;219.07;2.19;0.13;0.26362;0.0;20;10;10
1639655333.762;1311605.11;123.15;27.25;219.04;2.09;0.13;0.26442;0.0;20;10;10
1639655348.763;1311605.11;123.0;27.44;218.56;2.08;0.13;0.26521;0.0;20;10;10
1639655363.763;1311605.11;122.88;26.91;218.86;2.12;0.13;0.26598;0.0;20;10;10
1639655378.763;1311605.11;123.47;28.07;218.87;2.08;0.13;0.26614;0.0;20;10;10
1639655393.764;1311605.11;123.16;27.46;218.86;2.11;0.13;0.26579;0.0;20;10;10
1639655408.763;1311605.11;122.83;26.89;218.78;2.17;0.13;0.26648;0.0;20;10;10
1639655423.762;1311605.11;123.04;27.39;218.68;2.33;0.13;0.26633;0.0;20;10;10
1639655438.764;1311605.11;123.17;26.98;219.36;1.85;0.13;0.26748;0.0;20;10;10
1639655453.764;1311605.11;122.9;26.97;218.83;1.97;0.13;0.26804;0.0;20;10;10
1639655468.764;1311605.11;122.99;27.35;218.62;1.99;0.13;0.26862;0.0;20;10;10
1639655483.766;1311605.11;122.71;26.57;218.84;1.95;0.13;0.269;0.0;20;10;10
1639655498.765;1311605.11;123.5;28.0;219.0;1.92;0.13;0.26932;0.0;20;10;10
1639655513.766;1311605.12;123.75;28.43;219.06;2.28;0.13;0.26945;0.0;20;10;10
1639655528.766;1311605.12;122.84;26.68;219.0;2.33;0.13;0.26943;0.0;20;10;10
1639655543.767;1311605.12;122.88;26.61;219.15;2.31;0.13;0.26979;0.0;20;10;10
1639655558.767;1311605.12;122.9;26.66;219.14;2.14;0.13;0.26942;0.0;20;10;10
1639655573.768;1311605.12;122.84;26.93;218.74;2.08;0.13;0.26993;0.0;20;10;10
1639655588.768;1311605.12;123.34;27.32;219.37;2.2;0.13;0.26997;0.0;20;10;10
1639655603.768;1311605.12;123.28;27.13;219.43;2.32;0.14;0.27038;0.0;20;10;10
1639655618.769;1311605.12;123.22;27.52;218.91;2.22;0.14;0.27089;0.0;20;10;10
1639655633.77;1311605.12;122.98;26.62;219.34;2.29;0.14;0.27141;0.0;20;10;10
1639655648.77;1311605.12;122.85;26.57;219.13;2.08;0.14;0.27187;0.0;20;10;10
1639655663.77;1311605.12;123.01;27.22;218.8;1.9;0.14;0.27227;0.0;20;10;10
1639655678.771;1311605.12;123.17;27.54;218.79;2.12;0.14;0.27228;0.0;20;10;10
1639655693.771;1311605.12;122.88;26.65;219.12;2.21;0.14;0.27211;0.0;20;10;10
1639655708.773;1311605.12;122.77;26.72;218.81;2.19;0.14;0.27205;0.0;20;10;10
1639655723.773;1311605.12;122.86;26.55;219.17;2.26;0.14;0.27275;0.0;20;10;10
1639655738.772;1311605.12;122.79;26.58;219.0;2.25;0.14;0.27271;0.0;20;10;10
1639655753.772;1311605.12;122.7;26.55;218.85;2.35;0.14;0.27308;0.0;20;10;10
1639655768.773;1311605.12;123.19;27.05;219.32;2.24;0.14;0.27405;0.0;20;10;10
1639655783.773;1311605.12;123.07;26.79;219.34;1.8;0.14;0.2741;0.0;20;10;10
1639655798.773;1311605.12;123.12;27.05;219.18;2.0;0.14;0.27442;0.0;20;10;10
1639655813.774;1311605.12;122.99;26.78;219.19;2.07;0.14;0.2746;0.0;20;10;10
1639655828.774;1311605.12;123.22;27.08;219.37;2.17;0.14;0.27468;0.0;20;10;10
1639655843.775;1311605.12;123.25;27.91;218.6;1.96;0.14;0.27506;0.0;20;10;10
1639655858.775;1311605.12;122.63;26.23;219.03;2.05;0.14;0.27489;0.0;20;10;10
1639655873.776;1311605.12;122.62;26.58;218.67;2.21;0.14;0.27462;0.0;20;10;10
1639655888.775;1311605.12;122.79;26.83;218.74;2.34;0.14;0.27459;0.0;20;10;10
1639655903.776;1311605.12;122.97;27.21;218.73;2.34;0.14;0.27464;0.0;20;10;10
1639655918.776;1311605.12;123.18;27.36;219.01;1.99;0.14;0.27471;0.0;20;10;10
1639655933.776;1311605.12;122.63;26.66;218.6;2.19;0.14;0.27524;0.0;20;10;10
1639655948.777;1311605.12;122.96;26.83;219.09;2.23;0.14;0.27552;0.0;20;10;10
1639655963.778;1311605.12;122.92;26.73;219.11;2.16;0.14;0.27554;0.0;20;10;10
1639655978.778;1311605.12;122.84;26.89;218.79;2.06;0.14;0.2758;0.0;20;10;10
1639655993.778;1311605.12;123.15;27.17;219.12;2.23;0.14;0.27643;0.0;20;10;10
1639656008.779;1311605.12;122.84;26.58;219.1;1.9;0.14;0.27684;0.0;20;10;10
1639656023.78;1311605.12;122.81;26.36;219.27;1.94;0.14;0.27722;0.0;20;10;10
1639656038.779;1311605.12;122.66;26.63;218.69;2.07;0.14;0.2779;0.0;20;10;10
1639656053.78;1311605.12;123.08;26.97;219.18;2.0;0.14;0.27798;0.0;20;10;10
1639656068.78;1311605.12;122.59;26.25;218.94;1.97;0.14;0.27826;0.0;20;10;10
1639656083.781;1311605.12;122.97;27.02;218.91;1.94;0.14;0.27904;0.0;20;10;10
1639656098.78;1311605.12;122.8;26.63;218.96;1.81;0.14;0.27886;0.0;20;10;10
1639656113.781;1311605.12;123.42;27.84;218.99;2.35;0.14;0.27888;0.0;20;10;10
1639656128.781;1311605.12;123.04;26.99;219.09;2.15;0.14;0.27882;0.0;20;10;10
1639656143.781;1311605.12;122.74;26.71;218.77;2.18;0.14;0.27861;0.0;20;10;10
1639656158.781;1311605.12;123.05;27.24;218.87;2.21;0.14;0.27879;0.0;20;10;10
1639656173.782;1311605.12;122.87;26.97;218.76;2.6;0.14;0.27847;0.0;20;10;10
1639656188.781;1311605.12;123.0;27.67;218.34;2.27;0.14;0.27861;0.0;20;10;10
1639656203.781;1311605.12;123.09;27.61;218.57;2.09;0.14;0.27908;0.0;20;10;10
1639656218.782;1311605.12;123.31;27.82;218.8;2.26;0.14;0.27905;0.0;20;10;10
1639656233.783;1311605.12;123.43;27.63;219.23;2.3;0.14;0.27908;0.0;20;10;10
1639656248.783;1311605.12;123.29;27.44;219.14;2.25;0.14;0.27911;0.0;20;10;10
1639656263.784;1311605.12;122.98;27.36;218.61;2.23;0.14;0.27904;0.0;20;10;10
1639656278.785;1311605.12;122.8;26.8;218.79;2.43;0.14;0.27897;0.0;20;10;10
1639656293.784;1311605.12;123.37;27.88;218.86;2.0;0.14;0.27896;0.0;20;10;10
1639656308.786;1311605.12;123.27;27.99;218.54;2.21;0.14;0.27918;0.0;20;10;10
1639656323.785;1311605.12;123.5;27.86;219.13;2.31;0.14;0.27929;0.0;20;10;10
1639656338.785;1311605.12;123.07;27.06;219.07;2.22;0.14;0.27957;0.0;20;10;10
1639656353.784;1311605.12;123.25;27.42;219.09;2.26;0.14;0.28014;0.0;20;10;10
1639656368.785;1311605.12;123.21;27.46;218.96;2.09;0.14;0.28005;0.0;20;10;10
1639656383.785;1311605.12;123.18;27.24;219.12;1.96;0.14;0.27992;0.0;20;10;10
1639656398.786;1311605.12;123.01;27.15;218.87;2.49;0.14;0.28022;0.0;20;10;10
1639656413.787;1311605.12;123.37;27.83;218.91;2.26;0.14;0.28045;0.0;20;10;10
1639656428.786;1311605.12;122.93;27.05;218.81;2.33;0.14;0.28036;0.0;20;10;10
1639656443.787;1311605.12;123.38;28.16;218.6;2.23;0.14;0.28018;0.0;20;10;10
1639656458.788;1311605.12;123.03;26.93;219.14;2.16;0.14;0.28027;0.0;20;10;10
1639656473.788;1311605.12;123.21;27.35;219.08;2.23;0.14;0.28042;0.0;20;10;10
1639656488.789;1311605.12;123.14;27.36;218.91;2.04;0.14;0.28048;0.0;20;10;10
1639656503.788;1311605.12;123.79;28.42;219.15;2.31;0.14;0.28058;0.0;20;10;10
1639656518.788;1311605.12;123.03;27.16;218.9;2.49;0.14;0.28063;0.0;20;10;10
1639656533.789;1311605.12;122.91;26.64;219.18;2.12;0.14;0.28114;0.0;20;10;10
1639656548.791;1311605.12;123.16;27.36;218.95;2.13;0.14;0.28153;0.0;20;10;10
1639656563.79;1311605.12;123.31;27.5;219.11;2.46;0.14;0.28167;0.0;20;10;10
1639656578.79;1311605.12;123.02;26.95;219.09;2.25;0.14;0.28191;0.0;20;10;10
1639656593.791;1311605.12;123.06;27.32;218.8;2.26;0.14;0.28198;0.0;20;10;10
1639656608.79;1311605.12;123.42;27.71;219.12;2.09;0.14;0.28231;0.0;20;10;10
1639656623.791;1311605.12;122.97;26.86;219.09;2.39;0.14;0.28258;0.0;20;10;10
1639656638.791;1311605.12;122.92;27.16;218.67;2.17;0.14;0.2826;0.0;20;10;10
1639656653.792;1311605.12;123.19;27.27;219.1;2.02;0.14;0.2828;0.0;20;10;10
1639656668.791;1311605.13;122.94;26.7;219.18;2.03;0.14;0.28295;0.0;20;10;10
1639656683.792;1311605.13;122.84;26.63;219.04;2.41;0.14;0.28278;0.0;20;10;10
1639656698.793;1311605.13;122.78;26.44;219.13;1.99;0.14;0.2831;0.0;20;10;10
1639656713.793;1311605.13;123.27;27.51;219.02;2.25;0.14;0.28303;0.0;20;10;10
1639656728.794;1311605.13;123.09;27.35;218.84;2.05;0.14;0.28331;0.0;20;10;10
1639656743.794;1311605.13;122.88;27.03;218.73;2.04;0.14;0.28345;0.0;20;10;10
1639656758.794;1311605.13;123.04;27.12;218.96;2.07;0.14;0.28367;0.0;20;10;10
1639656773.795;1311605.13;123.18;27.54;218.82;2.38;0.14;0.28356;0.0;20;10;10
1639656788.795;1311605.13;122.86;26.73;218.99;2.18;0.14;0.28379;0.0;20;10;10
1639656803.796;1311605.13;123.08;27.04;219.12;2.2;0.14;0.28399;0.0;20;10;10
1639656818.796;1311605.13;123.43;27.99;218.87;2.39;0.14;0.284;0.0;20;10;10
1639656833.797;1311605.13;123.04;27.33;218.74;1.82;0.14;0.28409;0.0;20;10;10
1639656848.803;1311605.13;123.03;27.24;218.82;1.9;0.14;0.28452;0.0;20;10;10
1639656863.798;1311605.13;122.92;26.44;219.4;2.0;0.14;0.28493;0.0;20;10;10
1639656878.798;1311605.13;123.34;27.46;219.22;2.12;0.14;0.28513;0.0;20;10;10
1639656893.798;1311605.13;122.47;26.06;218.87;2.31;0.14;0.28507;0.0;20;10;10
1639656908.799;1311605.13;123.02;27.18;218.85;1.87;0.14;0.2851;0.0;20;10;10
1639656923.8;1311605.13;122.8;26.3;219.31;2.09;0.14;0.28516;0.0;20;10;10
1639656938.799;1311605.13;122.9;26.7;219.1;2.37;0.14;0.28528;0.0;20;10;10
1639656953.8;1311605.13;122.53;26.31;218.74;2.34;0.14;0.28535;0.0;20;10;10
1639656968.801;1311605.13;122.94;26.41;219.47;1.82;0.14;0.28538;0.0;20;10;10
1639656983.801;1311605.13;123.16;27.12;219.19;2.22;0.14;0.28527;0.0;20;10;10
1639656998.802;1311605.13;122.95;27.14;218.77;2.18;0.14;0.28539;0.0;20;10;10
1639657013.802;1311605.13;123.5;27.76;219.25;2.63;0.14;0.28541;0.0;20;10;10
1639657028.801;1311605.13;123.01;27.04;218.98;2.34;0.14;0.28555;0.0;20;10;10
1639657043.802;1311605.13;122.94;26.9;218.97;2.26;0.14;0.28565;0.0;20;10;10
1639657058.802;1311605.13;123.15;27.56;218.74;2.0;0.14;0.28602;0.0;20;10;10
1639657073.803;1311605.13;122.65;26.34;218.96;2.26;0.14;0.28598;0.0;20;10;10
1639657088.803;1311605.13;122.79;26.55;219.03;2.11;0.14;0.28634;0.0;20;10;10
1639657103.804;1311605.13;123.05;27.13;218.96;2.2;0.14;0.28657;0.0;20;10;10
1639657118.803;1311605.13;122.6;26.71;218.49;2.07;0.14;0.2865;0.0;20;10;10
1639657133.803;1311605.13;123.25;27.69;218.8;2.33;0.14;0.2866;0.0;20;10;10
1639657148.804;1311605.13;123.09;27.39;218.8;2.47;0.14;0.28689;0.0;20;10;10
1639657163.804;1311605.13;123.28;27.63;218.92;2.12;0.14;0.2869;0.0;20;10;10
1639657178.804;1311605.13;123.12;27.33;218.9;2.48;0.14;0.28668;0.0;20;10;10
1639657193.805;1311605.13;123.16;27.5;218.82;2.03;0.14;0.28696;0.0;20;10;10
1639657208.804;1311605.13;122.8;27.02;218.57;1.89;0.14;0.28722;0.0;20;10;10
1639657223.805;1311605.13;122.76;26.9;218.63;2.15;0.14;0.28752;0.0;20;10;10
1639657238.806;1311605.13;122.9;26.94;218.87;2.35;0.14;0.28776;0.0;20;10;10
1639657253.805;1311605.13;123.51;28.0;219.03;2.43;0.14;0.28794;0.0;20;10;10
1639657268.805;1311605.13;123.49;28.1;218.88;2.34;0.14;0.28816;0.0;20;10;10
1639657283.806;1311605.13;123.09;26.88;219.3;2.32;0.14;0.28821;0.0;20;10;10
1639657298.806;1311605.13;123.3;27.52;219.07;2.31;0.14;0.28827;0.0;20;10;10
1639657313.807;1311605.13;123.29;27.5;219.08;2.23;0.14;0.28865;0.0;20;10;10
1639657328.806;1311605.13;123.7;28.37;219.04;2.44;0.14;0.28874;0.0;20;10;10
1639657343.806;1311605.13;123.08;27.21;218.95;2.41;0.14;0.28891;0.0;20;10;10
1639657358.807;1311605.13;123.2;27.21;219.19;2.34;0.14;0.28913;0.0;20;10;10
1639657373.808;1311605.13;122.95;26.8;219.1;2.33;0.14;0.28942;0.0;20;10;10
1639657388.808;1311605.13;122.9;27.13;218.68;2.31;0.14;0.28966;0.0;20;10;10
1639657403.809;1311605.13;123.37;27.57;219.17;2.45;0.15;0.29009;0.0;20;10;10
1639657418.807;1311605.13;122.92;27.03;218.81;2.3;0.15;0.29001;0.0;20;10;10
1639657433.807;1311605.13;123.25;27.66;218.84;1.73;0.15;0.29026;0.0;20;10;10
1639657448.808;1311605.13;122.73;26.77;218.69;2.2;0.15;0.29045;0.0;20;10;10
1639657463.808;1311605.13;122.88;27.01;218.74;2.33;0.15;0.29017;0.0;20;10;10
1639657478.807;1311605.13;122.88;26.82;218.94;2.31;0.15;0.29028;0.0;20;10;10
1639657493.808;1311605.13;122.61;26.47;218.75;2.17;0.15;0.29042;0.0;20;10;10
1639657508.809;1311605.13;122.94;26.89;218.99;2.05;0.15;0.29025;0.0;20;10;10
1639657523.81;1311605.13;123.07;27.18;218.96;2.12;0.15;0.29032;0.0;20;10;10
1639657538.809;1311605.13;122.89;26.98;218.79;2.27;0.15;0.29038;0.0;20;10;10
1639657553.81;1311605.13;122.92;26.84;219.0;2.19;0.15;0.29062;0.0;20;10;10
1639657568.81;1311605.13;123.29;27.66;218.92;2.21;0.15;0.29041;0.0;20;10;10
1639657583.81;1311605.13;123.04;27.07;219.01;1.9;0.15;0.29026;0.0;20;10;10
1639657598.811;1311605.13;122.97;26.91;219.03;2.4;0.15;0.29019;0.0;20;10;10
1639657613.812;1311605.13;122.33;26.05;218.6;2.61;0.14;0.28998;0.0;20;10;10
1639657628.815;1311605.13;122.7;26.54;218.85;2.36;0.15;0.29021;0.0;20;10;10
1639657643.812;1311605.13;123.05;27.34;218.75;2.18;0.15;0.29032;0.0;20;10;10
1639657658.812;1311605.14;122.72;26.56;218.88;2.17;0.15;0.29082;0.0;20;10;10
1639657673.813;1311605.14;122.86;27.08;218.63;2.37;0.15;0.29081;0.0;20;10;10
1639657688.813;1311605.14;122.75;26.6;218.89;2.09;0.15;0.29082;0.0;20;10;10
1639657703.813;1311605.14;122.79;26.81;218.77;2.18;0.15;0.29082;0.0;20;10;10
1639657718.814;1311605.14;122.44;26.18;218.7;2.23;0.15;0.29081;0.0;20;10;10
1639657733.815;1311605.14;122.82;26.78;218.85;2.41;0.15;0.29087;0.0;20;10;10
1639657748.814;1311605.14;122.59;26.48;218.71;2.04;0.15;0.29125;0.0;20;10;10
1639657763.814;1311605.14;122.66;26.57;218.74;2.11;0.15;0.29136;0.0;20;10;10
1639657778.816;1311605.14;122.76;26.58;218.94;2.24;0.15;0.29128;0.0;20;10;10
1639657793.816;1311605.14;122.98;27.1;218.86;2.36;0.15;0.29143;0.0;20;10;10
1639657808.817;1311605.14;122.8;26.79;218.82;2.14;0.15;0.29131;0.0;20;10;10
1639657823.818;1311605.14;122.95;26.55;219.36;2.17;0.15;0.29103;0.0;20;10;10
1639657838.818;1311605.14;123.03;27.2;218.85;2.2;0.15;0.29139;0.0;20;10;10
1639657853.817;1311605.14;123.39;27.9;218.89;2.25;0.15;0.2915;0.0;20;10;10
1639657868.817;1311605.14;123.23;27.57;218.88;1.64;0.15;0.29158;0.0;20;10;10
1639657883.818;1311605.14;122.6;26.49;218.71;2.22;0.15;0.2917;0.0;20;10;10
1639657898.819;1311605.14;122.87;27.01;218.72;1.94;0.15;0.29176;0.0;20;10;10
1639657913.821;1311605.14;122.88;26.92;218.84;2.37;0.15;0.29157;0.0;20;10;10
1639657928.82;1311605.14;122.22;25.48;218.96;1.9;0.15;0.29176;0.0;20;10;10
1639657943.821;1311605.14;122.74;26.82;218.67;1.99;0.15;0.29221;0.0;20;10;10
1639657958.82;1311605.14;123.25;27.25;219.24;1.86;0.15;0.29241;0.0;20;10;10
1639657973.822;1311605.14;122.96;26.71;219.21;2.21;0.15;0.29253;0.0;20;10;10
1639657988.82;1311605.14;123.53;27.78;219.29;1.96;0.15;0.29262;0.0;20;10;10
1639658003.821;1311605.14;122.97;26.89;219.05;2.21;0.15;0.29255;0.0;20;10;10
1639658018.821;1311605.14;122.51;26.58;218.44;2.11;0.15;0.29249;0.0;20;10;10
1639658033.822;1311605.14;123.09;27.49;218.7;2.38;0.15;0.29284;0.0;20;10;10
1639658048.822;1311605.14;122.38;26.31;218.46;2.24;0.15;0.29322;0.0;20;10;10
1639658063.823;1311605.14;122.32;25.82;218.82;2.34;0.15;0.29367;0.0;20;10;10
1639658078.824;1311605.14;122.34;25.94;218.75;2.21;0.15;0.29395;0.0;20;10;10
1639658093.852;1311605.14;122.78;26.65;218.9;2.26;0.15;0.29377;0.0;20;10;10
1639658108.824;1311605.14;123.14;27.7;218.58;2.34;0.15;0.2939;0.0;20;10;10
1639658123.825;1311605.14;122.72;27.07;218.38;2.31;0.15;0.29395;0.0;20;10;10
1639658138.825;1311605.14;122.82;27.03;218.61;2.08;0.15;0.29401;0.0;20;10;10
1639658153.825;1311605.14;123.09;27.13;219.05;1.9;0.15;0.29452;0.0;20;10;10
1639658168.825;1311605.14;123.11;26.96;219.26;2.13;0.15;0.29483;0.0;20;10;10
1639658183.826;1311605.14;123.03;27.27;218.79;2.32;0.15;0.29448;0.0;20;10;10
1639658198.826;1311605.14;122.78;26.59;218.97;2.16;0.15;0.29439;0.0;20;10;10
1639658213.827;1311605.15;123.39;27.39;219.39;2.0;0.15;0.2943;0.0;20;10;10
1639658228.827;1311605.15;123.07;26.86;219.28;2.05;0.15;0.29451;0.0;20;10;10
1639658243.827;1311605.15;123.01;27.26;218.76;2.02;0.15;0.29461;0.0;20;10;10
1639658258.827;1311605.15;122.85;26.58;219.12;1.92;0.15;0.29455;0.0;20;10;10
1639658273.828;1311605.15;123.17;27.18;219.15;2.19;0.15;0.29423;0.0;20;10;10
1639658288.828;1311605.15;123.08;27.11;219.05;2.12;0.15;0.29411;0.0;20;10;10
1639658303.829;1311605.15;122.66;26.58;218.73;2.0;0.15;0.29405;0.0;20;10;10
1639658318.829;1311605.15;122.91;26.84;218.98;2.03;0.15;0.29364;0.0;20;10;10
1639658333.83;1311605.15;123.1;27.07;219.13;2.21;0.15;0.29372;0.0;20;10;10
1639658348.831;1311605.15;123.45;27.85;219.05;2.45;0.15;0.29337;0.0;20;10;10
1639658363.831;1311605.15;123.02;26.98;219.05;2.3;0.15;0.29335;0.0;20;10;10
1639658378.832;1311605.15;123.07;26.82;219.31;2.16;0.15;0.29316;0.0;20;10;10
1639658393.832;1311605.15;123.15;27.26;219.03;2.04;0.15;0.29313;0.0;20;10;10
1639658408.833;1311605.15;122.86;26.6;219.12;2.23;0.15;0.29295;0.0;20;10;10
1639658423.833;1311605.15;123.0;26.86;219.15;2.19;0.15;0.29291;0.0;20;10;10
1639658438.834;1311605.15;123.17;27.39;218.95;2.11;0.15;0.29321;0.0;20;10;10
1639658453.834;1311605.15;123.19;27.04;219.33;2.17;0.15;0.29315;0.0;20;10;10
1639658468.835;1311605.15;122.73;26.17;219.28;2.17;0.15;0.29323;0.0;20;10;10
1639658483.835;1311605.15;122.65;26.37;218.93;2.09;0.15;0.29311;0.0;20;10;10
1639658498.836;1311605.15;122.79;26.82;218.76;2.14;0.15;0.29315;0.0;20;10;10
1639658513.836;1311605.15;122.73;26.9;218.56;2.31;0.15;0.29322;0.0;20;10;10
1639658528.838;1311605.15;123.18;28.06;218.3;2.36;0.15;0.29337;0.0;20;10;10
1639658543.837;1311605.15;122.8;27.06;218.53;2.1;0.15;0.29338;0.0;20;10;10
1639658558.838;1311605.15;123.19;27.41;218.98;2.12;0.15;0.29324;0.0;20;10;10
1639658573.838;1311605.15;122.56;26.29;218.84;2.21;0.15;0.29331;0.0;20;10;10
1639658588.839;1311605.15;122.52;26.27;218.76;2.49;0.15;0.29329;0.0;20;10;10
1639658603.84;1311605.16;122.59;26.34;218.85;2.44;0.14;0.29359;0.0;20;10;10
1639658618.84;1311605.16;123.07;27.06;219.07;2.32;0.15;0.29392;0.0;20;10;10
1639658633.841;1311605.16;122.89;27.09;218.69;2.22;0.15;0.29408;0.0;20;10;10
1639658648.841;1311605.16;123.31;27.64;218.97;2.06;0.15;0.29411;0.0;20;10;10
1639658663.84;1311605.16;123.15;27.16;219.14;2.06;0.15;0.29428;0.0;20;10;10
1639658678.841;1311605.16;122.89;27.27;218.5;2.18;0.15;0.29431;0.0;20;10;10
1639658693.841;1311605.16;122.72;26.67;218.78;2.11;0.15;0.29438;0.0;20;10;10
1639658708.842;1311605.16;122.73;26.78;218.68;2.15;0.15;0.2941;0.0;20;10;10
1639658723.842;1311605.16;123.04;27.01;219.07;2.27;0.15;0.29382;0.0;20;10;10
1639658738.842;1311605.16;122.8;26.87;218.72;2.28;0.15;0.29412;0.0;20;10;10
1639658753.843;1311605.16;122.78;27.06;218.5;2.28;0.15;0.29423;0.0;20;10;10
1639658768.844;1311605.16;122.8;27.08;218.51;1.62;0.15;0.29437;0.0;20;10;10
1639658783.844;1311605.16;123.42;27.82;219.02;2.16;0.15;0.29473;0.0;20;10;10
1639658798.844;1311605.16;123.4;27.49;219.31;2.08;0.15;0.29502;0.0;20;10;10
1639658813.844;1311605.16;122.83;26.67;218.99;2.2;0.15;0.29511;0.0;20;10;10
1639658828.845;1311605.16;122.97;26.86;219.09;2.16;0.15;0.29519;0.0;20;10;10
1639658843.846;1311605.16;122.86;26.78;218.94;2.19;0.15;0.29548;0.0;20;10;10
1639658858.846;1311605.16;123.08;27.02;219.13;2.08;0.15;0.29539;0.0;20;10;10
1639658873.846;1311605.16;123.26;27.13;219.4;2.29;0.15;0.29563;0.0;20;10;10
1639658888.845;1311605.16;122.99;27.04;218.94;2.19;0.15;0.29574;0.0;20;10;10
1639658903.846;1311605.16;123.0;27.22;218.78;2.25;0.15;0.29594;0.0;20;10;10
1639658918.847;1311605.16;123.04;27.16;218.92;2.24;0.15;0.29585;0.0;20;10;10
1639658933.847;1311605.16;122.9;26.96;218.84;2.02;0.15;0.2959;0.0;20;10;10
1639658948.848;1311605.16;123.22;27.42;219.01;1.87;0.15;0.29584;0.0;20;10;10
1639658963.848;1311605.16;123.16;27.5;218.82;2.29;0.15;0.29594;0.0;20;10;10
1639658978.849;1311605.16;123.06;27.49;218.64;2.21;0.15;0.29627;0.0;20;10;10
1639658993.85;1311605.16;123.16;27.3;219.03;2.23;0.15;0.29614;0.0;20;10;10
1639659008.85;1311605.16;123.38;27.61;219.15;2.29;0.15;0.29604;0.0;20;10;10
1639659023.851;1311605.16;122.64;26.29;218.98;2.16;0.15;0.29624;0.0;20;10;10
1639659038.851;1311605.16;123.3;27.33;219.27;1.98;0.15;0.29609;0.0;20;10;10
1639659053.852;1311605.16;123.51;27.81;219.2;2.19;0.15;0.29599;0.0;20;10;10
1639659068.852;1311605.16;122.85;26.7;219.0;2.11;0.15;0.29596;0.0;20;10;10
1639659083.853;1311605.16;123.13;27.21;219.06;2.12;0.15;0.2957;0.0;20;10;10
1639659098.852;1311605.16;123.0;27.24;218.76;2.18;0.15;0.29566;0.0;20;10;10
1639659113.852;1311605.16;123.09;27.06;219.12;2.14;0.15;0.29592;0.0;20;10;10
1639659128.852;1311605.16;123.03;27.0;219.05;2.27;0.15;0.29612;0.0;20;10;10
1639659143.854;1311605.16;122.9;26.72;219.08;2.47;0.15;0.29587;0.0;20;10;10
1639659158.854;1311605.16;122.68;26.93;218.43;2.31;0.15;0.29584;0.0;20;10;10
1639659173.854;1311605.16;122.82;26.48;219.16;2.11;0.15;0.29597;0.0;20;10;10
1639659188.855;1311605.16;123.05;26.9;219.21;2.11;0.15;0.29628;0.0;20;10;10
1639659203.855;1311605.16;123.16;27.19;219.12;2.32;0.15;0.29619;0.0;20;10;10
1639659218.856;1311605.16;122.95;26.53;219.37;2.3;0.15;0.29621;0.0;20;10;10
1639659233.856;1311605.16;122.56;26.07;219.04;2.13;0.15;0.29622;0.0;20;10;10
1639659248.857;1311605.16;123.24;27.19;219.29;2.2;0.15;0.29621;0.0;20;10;10
1639659263.857;1311605.16;122.88;26.6;219.15;2.51;0.15;0.29651;0.0;20;10;10
1639659278.858;1311605.16;123.35;27.62;219.07;2.3;0.15;0.29622;0.0;20;10;10
1639659293.859;1311605.16;122.88;27.14;218.61;2.38;0.15;0.29627;0.0;20;10;10
1639659308.859;1311605.16;122.89;26.57;219.21;2.18;0.15;0.29606;0.0;20;10;10
1639659323.859;1311605.16;122.58;26.09;219.07;2.38;0.15;0.29586;0.0;20;10;10
1639659338.859;1311605.16;122.59;26.01;219.18;2.2;0.15;0.29577;0.0;20;10;10
1639659353.859;1311605.16;123.05;26.79;219.31;2.16;0.15;0.29571;0.0;20;10;10
1639659368.86;1311605.16;123.0;26.89;219.1;2.21;0.15;0.29582;0.0;20;10;10
1639659383.86;1311605.16;122.63;26.37;218.89;1.93;0.15;0.29578;0.0;20;10;10
1639659398.861;1311605.16;122.64;26.24;219.03;2.3;0.15;0.29583;0.0;20;10;10
1639659413.861;1311605.16;122.98;26.92;219.04;2.3;0.15;0.29596;0.0;20;10;10
1639659428.862;1311605.16;122.8;26.66;218.95;2.14;0.15;0.29605;0.0;20;10;10
1639659443.861;1311605.16;122.92;26.81;219.02;2.25;0.15;0.2962;0.0;20;10;10
1639659458.862;1311605.16;122.81;26.29;219.33;2.36;0.15;0.29613;0.0;20;10;10
1639659473.861;1311605.16;122.76;26.35;219.17;1.84;0.15;0.29595;0.0;20;10;10
1639659488.862;1311605.16;122.65;26.23;219.07;2.16;0.15;0.29591;0.0;20;10;10
1639659503.862;1311605.16;122.7;26.43;218.96;2.3;0.15;0.29595;0.0;20;10;10
1639659518.862;1311605.16;123.21;27.4;219.02;2.24;0.15;0.29612;0.0;20;10;10
1639659533.862;1311605.16;123.17;27.04;219.3;2.07;0.15;0.29603;0.0;20;10;10
1639659548.863;1311605.16;122.94;26.67;219.21;2.21;0.15;0.29616;0.0;20;10;10
1639659563.864;1311605.16;122.65;26.03;219.26;2.23;0.14;0.29613;0.0;20;10;10
1639659578.863;1311605.16;123.09;27.12;219.05;2.3;0.15;0.29592;0.0;20;10;10
1639659593.864;1311605.16;123.27;27.42;219.12;2.33;0.15;0.29601;0.0;20;10;10
1639659608.867;1311605.16;123.71;28.41;219.0;2.29;0.15;0.29603;0.0;20;10;10
1639659623.864;1311605.16;122.96;26.83;219.09;2.2;0.15;0.29596;0.0;20;10;10
1639659638.865;1311605.16;122.88;26.54;219.21;2.25;0.15;0.29606;0.0;20;10;10
1639659653.865;1311605.16;123.08;27.04;219.12;2.26;0.15;0.29609;0.0;20;10;10
1639659668.866;1311605.16;122.99;26.73;219.25;2.06;0.15;0.29617;0.0;20;10;10
1639659683.866;1311605.16;123.12;26.96;219.28;1.85;0.15;0.29629;0.0;20;10;10
1639659698.866;1311605.16;123.0;26.66;219.33;1.79;0.15;0.29638;0.0;20;10;10
1639659713.868;1311605.16;122.96;26.68;219.25;2.08;0.15;0.29633;0.0;20;10;10
1639659728.866;1311605.16;123.24;27.75;218.72;2.37;0.15;0.29627;0.0;20;10;10
1639659743.867;1311605.16;123.12;27.05;219.18;2.02;0.15;0.2965;0.0;20;10;10
1639659758.867;1311605.16;123.08;27.05;219.11;1.97;0.15;0.29657;0.0;20;10;10
1639659773.868;1311605.16;123.12;26.87;219.37;2.2;0.15;0.29662;0.0;20;10;10
1639659788.868;1311605.16;122.58;26.48;218.67;2.34;0.15;0.29685;0.0;20;10;10
1639659803.868;1311605.16;123.11;27.1;219.12;2.18;0.15;0.29695;0.0;20;10;10
1639659818.868;1311605.16;123.29;27.46;219.12;1.97;0.15;0.29703;0.0;20;10;10
1639659833.869;1311605.16;122.84;26.69;218.99;2.19;0.15;0.29719;0.0;20;10;10
1639659848.869;1311605.16;122.73;26.48;218.98;1.77;0.15;0.29718;0.0;20;10;10
1639659863.869;1311605.16;123.03;27.03;219.02;2.01;0.15;0.29694;0.0;20;10;10
1639659878.87;1311605.16;123.46;27.66;219.26;1.56;0.15;0.29699;0.0;20;10;10
1639659893.871;1311605.16;123.32;27.62;219.01;2.04;0.15;0.29697;0.0;20;10;10
1639659908.871;1311605.16;122.72;27.15;218.29;1.71;0.15;0.29686;0.0;20;10;10
1639659923.872;1311605.16;123.33;27.73;218.93;2.0;0.15;0.29672;0.0;20;10;10
1639659938.871;1311605.16;123.19;27.52;218.86;2.07;0.15;0.29687;0.0;20;10;10
1639659953.872;1311605.16;122.92;26.77;219.08;2.05;0.15;0.29687;0.0;20;10;10
1639659968.872;1311605.16;122.97;27.03;218.92;2.06;0.15;0.29685;0.0;20;10;10
1639659983.872;1311605.16;123.03;27.03;219.03;2.08;0.15;0.29713;0.0;20;10;10
1639659998.872;1311605.17;122.87;26.86;218.88;2.21;0.15;0.29722;0.0;20;10;10
1639660013.873;1311605.17;123.05;27.11;218.99;2.15;0.15;0.29774;0.0;20;10;10
1639660028.873;1311605.17;123.04;26.95;219.13;2.26;0.15;0.29774;0.0;20;10;10
1639660043.874;1311605.17;123.09;27.18;219.0;2.25;1.09;0.29754;0.0;20;10;10
1639660058.874;1311605.17;123.47;27.72;219.23;2.46;0.15;0.2975;0.0;20;10;10
1639660073.875;1311605.17;122.98;26.95;219.01;2.54;0.15;0.29753;0.0;20;10;10
1639660088.874;1311605.17;123.09;27.27;218.91;2.32;0.15;0.29748;0.0;20;10;10
1639660103.876;1311605.17;123.2;27.47;218.92;2.21;0.15;0.29748;0.0;20;10;10
1639660118.877;1311605.17;122.92;26.82;219.03;2.14;0.15;0.29743;0.0;20;10;10
1639660133.877;1311605.17;122.87;26.67;219.06;2.12;0.15;0.29737;0.0;20;10;10
1639660148.878;1311605.17;122.95;26.73;219.16;2.14;0.15;0.29724;0.0;20;10;10
1639660163.879;1311605.17;122.59;26.51;218.68;1.98;0.15;0.29712;0.0;20;10;10
1639660178.88;1311605.17;123.03;26.93;219.12;2.14;0.15;0.29688;0.0;20;10;10
1639660193.879;1311605.17;123.0;27.31;218.69;2.32;0.15;0.29694;0.0;20;10;10
1639660208.881;1311605.17;123.11;27.17;219.05;2.33;0.15;0.29724;0.0;20;10;10
1639660223.881;1311605.17;123.17;27.1;219.24;2.12;0.15;0.29758;0.0;20;10;10
1639660238.881;1311605.17;123.44;27.84;219.03;2.33;0.15;0.2977;0.0;20;10;10
1639660253.882;1311605.17;123.01;26.92;219.11;2.41;0.15;0.29762;0.0;20;10;10
1639660268.883;1311605.17;122.75;26.71;218.79;2.33;0.15;0.29769;0.0;20;10;10
1639660283.883;1311605.17;122.52;25.9;219.14;2.36;0.15;0.29745;0.0;20;10;10
1639660298.884;1311605.17;123.05;27.14;218.97;2.09;0.15;0.2972;0.0;20;10;10
1639660313.884;1311605.17;122.75;26.5;219.01;2.23;0.15;0.29703;0.0;20;10;10
1639660328.884;1311605.17;122.76;26.55;218.97;2.2;0.15;0.29695;0.0;20;10;10
1639660343.885;1311605.17;122.95;26.94;218.95;2.34;0.15;0.29699;0.0;20;10;10
1639660358.885;1311605.17;122.18;25.98;218.38;2.18;0.15;0.29701;0.0;20;10;10
1639660373.885;1311605.17;122.33;26.05;218.62;1.94;0.15;0.29684;0.0;20;10;10
1639660388.886;1311605.17;122.46;26.49;218.44;2.05;0.15;0.29685;0.0;20;10;10
1639660403.885;1311605.17;122.8;26.47;219.13;2.23;0.15;0.2969;0.0;20;10;10
1639660418.886;1311605.17;122.57;26.27;218.86;2.2;0.15;0.29703;0.0;20;10;10
1639660433.886;1311605.17;122.47;26.34;218.61;2.2;0.15;0.29699;0.0;20;10;10
1639660448.887;1311605.17;122.84;26.96;218.72;2.2;0.15;0.29685;0.0;20;10;10
1639660463.895;1311605.17;122.68;26.42;218.93;2.44;0.15;0.29685;0.0;20;10;10
1639660478.888;1311605.17;122.62;26.62;218.62;2.36;0.15;0.29672;0.0;20;10;10
1639660493.889;1311605.17;122.84;26.99;218.7;2.17;0.15;0.29655;0.0;20;10;10
1639660508.889;1311605.17;122.71;27.08;218.34;2.37;0.15;0.29644;0.0;20;10;10
1639660523.89;1311605.17;122.75;26.97;218.52;2.27;0.15;0.29647;0.0;20;10;10
1639660538.891;1311605.17;122.53;26.16;218.91;2.01;0.15;0.29635;0.0;20;10;10
1639660553.891;1311605.17;122.87;26.91;218.84;1.98;0.15;0.29651;0.0;20;10;10
1639660568.892;1311605.17;122.38;26.02;218.73;2.05;0.15;0.29662;0.0;20;10;10
1639660583.892;1311605.17;123.02;27.42;218.61;2.22;0.15;0.29657;0.0;20;10;10
1639660598.892;1311605.17;122.71;26.55;218.87;2.13;0.15;0.29648;0.0;20;10;10
1639660613.894;1311605.17;122.7;26.4;219.01;2.21;0.15;0.29662;0.0;20;10;10
1639660628.894;1311605.17;122.82;26.83;218.8;2.16;0.15;0.29657;0.0;20;10;10
1639660643.895;1311605.17;122.57;26.48;218.66;2.23;0.15;0.29631;0.0;20;10;10
1639660658.896;1311605.17;122.78;26.78;218.78;2.13;0.15;0.29614;0.0;20;10;10
1639660673.897;1311605.17;122.5;26.37;218.62;2.11;0.15;0.29623;0.0;20;10;10
1639660688.897;1311605.17;123.13;27.34;218.92;5.52;0.17;0.2964;0.0;20;10;10
1639660703.898;1311605.17;122.87;27.33;218.41;2.1;0.15;0.29652;0.0;20;10;10
1639660718.898;1311605.17;123.1;27.13;219.07;2.05;0.15;0.29663;0.0;20;10;10
1639660733.899;1311605.17;123.09;27.15;219.03;2.14;0.15;0.29656;0.0;20;10;10
1639660748.898;1311605.17;123.13;27.08;219.18;2.22;0.15;0.29653;0.0;20;10;10
1639660763.899;1311605.17;123.39;27.91;218.88;2.24;0.15;0.29658;0.0;20;10;10
1639660778.9;1311605.17;122.97;26.83;219.1;1.94;0.15;0.29655;0.0;20;10;10
1639660793.9;1311605.17;123.2;27.22;219.18;2.21;0.15;0.29653;0.0;20;10;10
1639660808.9;1311605.17;122.58;26.26;218.89;2.24;0.15;0.29667;0.0;20;10;10
1639660823.9;1311605.17;123.09;27.41;218.76;2.2;0.15;0.2966;0.0;20;10;10
1639660838.901;1311605.17;123.26;27.55;218.96;1.41;0.15;0.29678;0.0;20;10;10
1639660853.902;1311605.17;122.81;26.48;219.14;2.26;0.15;0.29676;0.0;20;10;10
1639660868.902;1311605.17;122.57;26.54;218.6;2.28;0.15;0.29698;0.0;20;10;10
1639660883.902;1311605.17;122.79;26.44;219.15;2.42;0.15;0.29687;0.0;20;10;10
1639660898.903;1311605.17;122.67;26.4;218.95;2.32;0.15;0.29699;0.0;20;10;10
1639660913.909;1311605.17;122.59;26.27;218.92;2.26;0.15;0.29712;0.0;20;10;10
1639660928.907;1311605.17;122.83;27.06;218.6;2.09;0.15;0.29694;0.0;20;10;10
1639660943.908;1311605.17;122.81;26.93;218.69;2.33;0.15;0.29698;0.0;20;10;10
1639660958.906;1311605.17;122.94;27.19;218.68;2.18;0.15;0.29691;0.0;20;10;10
1639660973.907;1311605.17;122.62;26.52;218.71;2.18;0.15;0.29685;0.0;20;10;10
1639660988.909;1311605.17;122.96;26.84;219.07;2.2;0.15;0.29696;0.0;20;10;10
1639661003.908;1311605.17;122.71;26.61;218.81;2.38;0.15;0.29714;0.0;20;10;10
1639661018.908;1311605.17;122.86;26.87;218.84;2.06;0.15;0.29717;0.0;20;10;10
1639661033.909;1311605.17;122.44;26.38;218.5;2.42;0.15;0.29725;0.0;20;10;10
1639661048.909;1311605.17;122.65;26.49;218.81;2.11;0.15;0.29726;0.0;20;10;10
1639661063.908;1311605.17;122.93;26.73;219.14;2.32;0.15;0.29744;0.0;20;10;10
1639661078.909;1311605.17;122.72;27.0;218.45;2.22;0.15;0.29722;0.0;20;10;10
1639661093.91;1311605.17;123.51;27.96;219.06;2.28;0.15;0.29709;0.0;20;10;10
1639661108.91;1311605.17;122.5;26.2;218.81;1.97;0.15;0.29719;0.0;20;10;10
1639661123.916;1311605.17;123.0;26.82;219.17;2.05;0.15;0.29712;0.0;20;10;10
1639661138.912;1311605.17;122.92;26.86;218.98;2.15;0.15;0.29704;0.0;20;10;10
1639661153.913;1311605.17;122.59;26.09;219.1;2.28;0.15;0.29692;0.0;20;10;10
1639661168.912;1311605.17;122.48;26.16;218.79;2.35;0.15;0.29695;0.0;20;10;10
1639661183.913;1311605.17;122.77;26.78;218.77;2.27;0.15;0.29722;0.0;20;10;10
1639661198.914;1311605.17;122.52;26.13;218.9;2.36;0.15;0.29724;0.0;20;10;10
1639661213.914;1311605.17;122.54;26.12;218.96;2.19;0.15;0.29733;0.0;20;10;10
1639661228.915;1311605.17;122.47;26.83;218.12;2.14;0.15;0.29736;0.0;20;10;10
1639661243.915;1311605.17;122.66;26.71;218.62;2.21;0.15;0.2973;0.0;20;10;10
1639661258.915;1311605.17;122.7;26.58;218.82;2.35;0.15;0.29739;0.0;20;10;10
1639661273.915;1311605.17;122.5;26.32;218.69;2.27;0.15;0.2974;0.0;20;10;10
1639661288.915;1311605.17;122.94;27.1;218.77;2.25;0.15;0.29768;0.0;20;10;10
1639661303.916;1311605.17;123.04;27.91;218.17;2.55;0.15;0.29788;0.0;20;10;10
1639661318.916;1311605.17;123.09;27.53;218.64;2.29;0.15;0.298;0.0;20;10;10
1639661333.917;1311605.17;122.71;26.6;218.82;2.26;0.15;0.29811;0.0;20;10;10
1639661348.918;1311605.18;123.08;27.1;219.07;2.33;0.15;0.29838;0.0;20;10;10
1639661363.917;1311605.18;123.09;27.22;218.95;2.03;0.15;0.29856;0.0;20;10;10
1639661378.918;1311605.18;122.96;27.07;218.85;2.17;0.15;0.2988;0.0;20;10;10
1639661393.918;1311605.18;122.73;26.62;218.84;2.46;0.15;0.29879;0.0;20;10;10
1639661408.917;1311605.18;123.22;27.29;219.14;2.22;0.15;0.29884;0.0;20;10;10
1639661423.918;1311605.18;123.03;27.04;219.02;2.3;0.15;0.29888;0.0;20;10;10
1639661438.917;1311605.18;123.07;27.07;219.06;2.31;0.15;0.29917;0.0;20;10;10
1639661453.918;1311605.18;122.99;26.78;219.2;2.41;0.15;0.29922;0.0;20;10;10
1639661468.918;1311605.18;123.14;27.31;218.97;2.14;0.15;0.29921;0.0;20;10;10
1639661483.918;1311605.18;123.01;27.1;218.93;2.01;0.15;0.29914;0.0;20;10;10
1639661498.92;1311605.18;122.41;26.41;218.41;2.25;0.15;0.29921;0.0;20;10;10
1639661513.919;1311605.18;122.72;26.29;219.15;2.36;0.15;0.29915;0.0;20;10;10
1639661528.92;1311605.18;123.06;27.02;219.11;2.23;0.15;0.29919;0.0;20;10;10
1639661543.921;1311605.18;122.6;25.97;219.24;2.11;0.15;0.29901;0.0;20;10;10
1639661558.922;1311605.18;122.51;26.28;218.73;1.69;0.15;0.29905;0.0;20;10;10
1639661573.922;1311605.18;123.28;27.67;218.89;2.03;0.15;0.29909;0.0;20;10;10
1639661588.922;1311605.18;122.71;26.19;219.24;2.39;0.15;0.29907;0.0;20;10;10
1639661603.923;1311605.18;123.2;27.18;219.22;2.25;0.15;0.29918;0.0;20;10;10
1639661618.924;1311605.18;123.0;27.07;218.92;1.68;0.15;0.2993;0.0;20;10;10
1639661633.924;1311605.18;122.74;27.04;218.43;2.2;0.15;0.29944;0.0;20;10;10
1639661648.925;1311605.18;122.47;26.51;218.42;2.13;0.15;0.29951;0.0;20;10;10
1639661663.925;1311605.18;122.83;26.84;218.82;2.13;0.15;0.2996;0.0;20;10;10
1639661678.926;1311605.18;122.81;26.75;218.88;2.25;0.15;0.29986;0.0;20;10;10
1639661693.926;1311605.18;122.78;26.59;218.96;2.03;0.15;0.2999;0.0;20;10;10
1639661708.927;1311605.18;123.0;26.92;219.07;1.7;0.15;0.29991;0.0;20;10;10
1639661723.927;1311605.18;123.34;27.53;219.16;2.1;0.15;0.29997;0.0;20;10;10
1639661738.929;1311605.18;122.69;26.71;218.68;1.99;0.15;0.2998;0.0;20;10;10
1639661753.929;1311605.18;123.06;27.09;219.03;2.29;0.15;0.29982;0.0;20;10;10
1639661768.93;1311605.18;122.84;26.84;218.85;1.92;0.15;0.29971;0.0;20;10;10
1639661783.93;1311605.18;122.97;27.28;218.67;2.14;0.15;0.29977;0.0;20;10;10
1639661798.929;1311605.18;122.8;26.56;219.05;1.94;0.15;0.29989;0.0;20;10;10
1639661813.93;1311605.18;122.97;26.85;219.09;2.08;0.15;0.29992;0.0;20;10;10
1639661828.933;1311605.18;122.71;26.31;219.11;2.21;0.15;0.30011;0.0;20;10;10
1639661843.934;1311605.18;122.53;26.28;218.78;2.06;0.15;0.30002;0.0;20;10;10
1639661858.932;1311605.18;122.47;25.95;218.98;1.92;0.15;0.29985;0.0;20;10;10
1639661873.932;1311605.18;122.74;26.45;219.03;2.08;0.15;0.29995;0.0;20;10;10
1639661888.932;1311605.18;122.72;26.18;219.25;2.01;0.15;0.29991;0.0;20;10;10
1639661903.933;1311605.18;122.96;26.99;218.94;2.21;0.15;0.29988;0.0;20;10;10
1639661918.933;1311605.18;122.76;26.96;218.56;2.18;0.15;0.29992;0.0;20;10;10
1639661933.934;1311605.18;123.07;26.82;219.31;2.23;0.15;0.3001;0.0;20;10;10
1639661948.934;1311605.18;122.83;26.36;219.3;2.26;0.15;0.30023;0.0;20;10;10
1639661963.934;1311605.18;123.21;27.38;219.05;2.09;0.15;0.30006;0.0;20;10;10
1639661978.934;1311605.18;122.76;26.66;218.86;2.18;0.15;0.29992;0.0;20;10;10
1639661993.935;1311605.18;122.98;26.8;219.15;2.15;0.15;0.30004;0.0;20;10;10
1639662008.936;1311605.18;123.42;27.99;218.84;2.33;0.15;0.30021;0.0;20;10;10
1639662023.936;1311605.18;122.97;26.96;218.98;2.34;0.15;0.30042;0.0;20;10;10
1639662038.936;1311605.18;122.92;27.09;218.75;2.31;0.15;0.30047;0.0;20;10;10
1639662053.937;1311605.18;123.11;27.11;219.11;2.04;0.15;0.30043;0.0;20;10;10
1639662068.938;1311605.18;123.53;28.17;218.89;2.34;0.15;0.30041;0.0;20;10;10
1639662083.938;1311605.19;123.57;27.72;219.41;2.48;0.15;0.30054;0.0;20;10;10
1639662098.939;1311605.19;123.07;27.06;219.08;1.52;0.15;0.30073;0.0;20;10;10
1639662113.939;1311605.19;123.08;26.9;219.25;1.99;0.15;0.3006;0.0;20;10;10
1639662128.94;1311605.19;123.2;27.34;219.06;2.24;0.15;0.30058;0.0;20;10;10
1639662143.94;1311605.19;123.19;27.22;219.15;2.22;0.15;0.30053;0.0;20;10;10
1639662158.94;1311605.19;122.8;26.6;219.0;2.16;0.15;0.3007;0.0;20;10;10
1639662173.941;1311605.19;122.97;26.9;219.05;1.83;0.15;0.30072;0.0;20;10;10
1639662188.942;1311605.19;122.94;26.83;219.04;2.24;0.15;0.30073;0.0;20;10;10
1639662203.942;1311605.19;123.08;27.01;219.15;1.96;0.15;0.30068;0.0;20;10;10
1639662218.943;1311605.19;123.38;27.41;219.35;2.19;0.15;0.30066;0.0;20;10;10
1639662233.943;1311605.19;123.05;27.51;218.58;2.19;0.15;0.30063;0.0;20;10;10
1639662248.944;1311605.19;122.8;26.72;218.87;2.25;0.15;0.30074;0.0;20;10;10
1639662263.944;1311605.19;123.25;27.06;219.45;2.12;0.15;0.30073;0.0;20;10;10
1639662278.944;1311605.19;123.0;27.1;218.9;2.09;0.15;0.30047;0.0;20;10;10
1639662293.945;1311605.19;122.97;27.16;218.77;2.03;0.15;0.30038;0.0;20;10;10
1639662308.945;1311605.19;122.78;26.94;218.63;2.13;0.15;0.3004;0.0;20;10;10
1639662323.945;1311605.19;122.45;26.57;218.33;2.05;0.15;0.3004;0.0;20;10;10
1639662338.946;1311605.19;123.19;27.44;218.94;2.15;0.15;0.30026;0.0;20;10;10
1639662353.946;1311605.19;122.68;26.94;218.42;2.2;0.15;0.30025;0.0;20;10;10
1639662368.946;1311605.19;122.46;26.45;218.47;2.25;0.15;0.30046;0.0;20;10;10
1639662383.947;1311605.19;122.34;26.93;217.76;2.35;0.15;0.30035;0.0;20;10;10
1639662398.946;1311605.19;122.95;27.53;218.38;2.33;0.15;0.30042;0.0;20;10;10
1639662413.947;1311605.19;122.6;26.79;218.41;1.9;0.15;0.30069;0.0;20;10;10
1639662428.947;1311605.19;122.58;26.87;218.28;2.18;0.15;0.30088;0.0;20;10;10
1639662443.947;1311605.19;122.78;27.17;218.39;2.32;0.15;0.30077;0.0;20;10;10
1639662458.947;1311605.19;122.39;26.38;218.41;2.11;0.15;0.30105;0.0;20;10;10
1639662473.949;1311605.19;123.05;27.55;218.55;2.36;0.15;0.3013;0.0;20;10;10
1639662488.948;1311605.19;122.47;26.89;218.05;1.99;0.15;0.30145;0.0;20;10;10
1639662503.95;1311605.19;122.72;26.66;218.77;2.19;0.15;0.30158;0.0;20;10;10
1639662518.949;1311605.19;122.38;26.62;218.13;2.18;0.15;0.30164;0.0;20;10;10
1639662533.949;1311605.19;122.74;26.65;218.83;2.25;0.15;0.30176;0.0;20;10;10
1639662548.949;1311605.19;123.01;27.09;218.93;1.72;0.15;0.30191;0.0;20;10;10
1639662563.95;1311605.19;122.61;26.4;218.82;2.29;0.15;0.30221;0.0;20;10;10
1639662578.949;1311605.19;122.4;26.24;218.57;2.32;0.15;0.30233;0.0;20;10;10
1639662593.95;1311605.19;122.67;26.36;218.98;2.44;0.15;0.30234;0.0;20;10;10
1639662608.949;1311605.19;122.59;26.18;219.01;2.63;0.15;0.30241;0.0;20;10;10
1639662623.95;1311605.19;122.75;26.84;218.66;2.14;0.15;0.30254;0.0;20;10;10
1639662638.949;1311605.19;123.3;27.75;218.86;1.82;0.15;0.30244;0.0;20;10;10
1639662653.95;1311605.19;123.36;27.52;219.2;2.36;0.15;0.30249;0.0;20;10;10
1639662668.95;1311605.19;123.0;27.32;218.69;2.22;0.15;0.30264;0.0;20;10;10
1639662683.95;1311605.19;122.89;26.71;219.07;2.28;0.15;0.3027;0.0;20;10;10
1639662698.95;1311605.19;122.78;26.46;219.09;2.29;0.15;0.3026;0.0;20;10;10
1639662713.951;1311605.19;123.11;27.17;219.04;2.25;0.15;0.30257;0.0;20;10;10
1639662728.951;1311605.19;123.0;27.76;218.24;1.94;0.15;0.30277;0.0;20;10;10
1639662743.952;1311605.19;123.0;27.44;218.56;2.09;0.15;0.30292;0.0;20;10;10
1639662758.952;1311605.19;122.95;27.12;218.78;2.14;0.15;0.3029;0.0;20;10;10
1639662773.954;1311605.19;122.77;27.22;218.31;2.33;0.15;0.30298;0.0;20;10;10
1639662788.952;1311605.19;122.97;27.16;218.77;2.01;0.15;0.30301;0.0;20;10;10
1639662803.953;1311605.19;123.0;27.02;218.98;2.22;0.15;0.30304;0.0;20;10;10
1639662818.953;1311605.19;122.6;26.25;218.96;2.21;0.15;0.30317;0.0;20;10;10
1639662833.954;1311605.19;122.82;26.96;218.68;2.31;0.15;0.30304;0.0;20;10;10
1639662848.953;1311605.19;122.48;26.36;218.61;2.37;0.15;0.30288;0.0;20;10;10
1639662863.955;1311605.19;122.34;26.15;218.54;2.32;0.15;0.30307;0.0;20;10;10
1639662878.956;1311605.19;122.3;25.91;218.7;2.2;0.15;0.30299;0.0;20;10;10
1639662893.954;1311605.19;122.56;26.35;218.76;2.32;0.15;0.30289;0.0;20;10;10
1639662908.956;1311605.19;122.9;27.07;218.73;2.2;0.15;0.30301;0.0;20;10;10
1639662923.956;1311605.19;123.28;27.55;219.02;2.35;0.15;0.30293;0.0;20;10;10
1639662938.957;1311605.19;123.24;27.74;218.73;2.4;0.15;0.30289;0.0;20;10;10
1639662953.958;1311605.19;122.76;26.55;218.98;2.52;0.15;0.30284;0.0;20;10;10
1639662968.958;1311605.19;122.63;26.84;218.43;2.31;0.15;0.3031;0.0;20;10;10
1639662983.96;1311605.19;122.21;25.86;218.55;2.29;0.15;0.30304;0.0;20;10;10
1639662998.958;1311605.19;122.4;26.18;218.61;2.39;0.15;0.30299;0.0;20;10;10
1639663013.959;1311605.19;122.88;26.74;219.03;2.09;0.15;0.30292;0.0;20;10;10
