cpu0;avg_rtt_a1;avg_rtt_a2;avg_loss_a1;avg_loss_a2;r_a1;r_a2
0.0;0.0;0.0;0.0;0.0;0;0
4.95;0.0;0.0;0.0;0.0;0;0
9.89;0.0;0.0;0.0;0.0;0;0
14.78;0.0;0.0;0.0;0.0;0;0
19.69;0.0;0.0;0.0;0.0;0;0
23.41;0.0;0.0;0.0;0.0;0;0
25.82;0.0;0.0;0.0;0.0;0;0
29.41;0.0;0.0;0.0;0.0;0;0
29.7;0.0;0.0;0.0;0.0;0;0
31.49;0.0;0.0;0.0;0.0;0;0
35.49;0.0;0.0;0.0;0.0;0;0
40.11;0.0;0.0;0.0;0.0;0;0
44.72;0.0;0.0;0.0;0.0;0;0
49.35;0.0;0.0;0.0;0.0;0;0
53.98;0.0;0.0;0.0;0.0;0;0
58.59;0.0;219.31;0.0;0.0;0;1
63.2;0.0;219.35;0.0;0.0;0;1
67.83;0.0;219.36;0.0;0.0;0;1
72.48;0.0;219.26;0.0;0.0;0;1
77.12;0.0;219.22;0.0;0.0;0;1
81.73;0.0;220.26;0.0;0.0;0;1
86.36;0.0;219.17;0.0;0.0;0;1
91.0;0.0;219.23;0.0;0.0;0;1
95.63;0.0;219.3;0.0;0.0;0;1
100.23;0.0;220.09;0.0;0.0;0;1
104.86;0.0;219.35;0.0;0.0;0;1
109.47;0.0;220.22;0.0;0.0;0;1
114.09;0.0;219.36;0.0;0.0;0;1
118.67;0.0;219.5;0.0;0.0;0;1
123.29;0.0;219.32;0.0;0.0;0;1
127.91;0.0;219.35;0.0;0.0;0;1
132.55;0.0;219.35;0.0;0.0;0;1
137.12;0.0;219.27;0.0;0.0;0;1
141.76;0.0;219.17;0.0;0.0;0;1
146.37;0.0;219.3;0.0;0.0;0;1
150.99;0.0;219.35;0.0;0.0;0;1
155.59;0.0;219.35;0.0;0.0;0;1
160.23;0.0;220.27;0.0;0.0;0;1
164.83;0.0;219.3;0.0;0.0;0;1
169.43;0.0;219.35;0.0;0.0;0;1
174.03;0.0;219.39;0.0;0.0;0;1
178.68;0.0;220.17;0.0;0.0;0;1
183.31;0.0;219.36;0.0;0.0;0;1
187.96;0.0;220.26;0.0;0.0;0;1
192.84;0.0;220.13;0.0;0.0;0;1
197.48;0.0;219.39;0.0;0.0;0;1
202.09;0.0;220.23;0.0;0.0;0;1
206.67;0.0;220.09;0.0;0.0;0;1
211.29;0.0;219.22;0.0;0.0;0;1
215.92;0.0;219.3;0.0;0.0;0;1
220.49;0.0;219.26;0.0;0.0;0;1
225.3;0.0;219.36;0.0;0.0;0;1
229.9;0.0;219.26;0.0;0.0;0;1
234.53;0.0;220.17;0.0;0.0;0;1
239.18;0.0;220.09;0.0;0.0;0;1
243.79;0.0;219.35;0.0;0.0;0;1
248.4;0.0;219.32;0.0;0.0;0;1
253.03;0.0;219.35;0.0;0.0;0;1
257.66;0.0;219.43;0.0;0.0;0;1
262.26;0.0;220.22;0.0;0.0;0;1
266.83;0.0;220.18;0.0;0.0;0;1
271.43;0.0;219.3;0.0;0.0;0;1
276.06;0.0;219.22;0.0;0.0;0;1
276.06;0.0;220.23;0.0;0.0;0;1
280.68;0.0;220.35;0.0;0.0;0;1
285.28;0.0;219.48;0.0;0.0;0;1
289.88;0.0;220.26;0.0;0.0;0;1
294.45;0.0;219.39;0.0;0.0;0;1
299.06;0.0;219.18;0.0;0.0;0;1
303.69;0.0;219.39;0.0;0.0;0;1
308.29;0.0;220.26;0.0;0.0;0;1
312.92;0.0;219.39;0.0;0.0;0;1
317.55;0.0;219.39;0.0;0.0;0;1
322.11;0.0;220.18;0.0;0.0;0;1
326.72;0.0;220.22;0.0;0.0;0;1
331.36;0.0;220.26;0.0;0.0;0;1
336.0;0.0;219.3;0.0;0.0;0;1
340.62;0.0;220.09;0.0;0.0;0;1
345.21;0.0;219.35;0.0;0.0;0;1
349.86;0.0;220.18;0.0;0.0;0;1
354.47;0.0;219.22;0.0;0.0;0;1
359.05;0.0;219.39;0.0;0.0;0;1
363.69;0.0;219.35;0.0;0.0;0;1
368.32;0.0;0.0;0.0;0.0;0;0
372.91;0.0;219.27;0.0;0.0;0;1
377.53;0.0;219.43;0.0;0.0;0;1
382.13;0.0;220.22;0.0;0.0;0;1
386.71;0.0;219.22;0.0;0.0;0;1
391.34;0.0;219.36;0.0;0.0;0;1
395.93;0.0;219.35;0.0;0.0;0;1
400.5;0.0;219.35;0.0;0.0;0;1
405.12;0.0;0.0;0.0;0.0;0;0
409.77;0.0;221.09;0.0;0.0;0;1
414.33;0.0;220.17;0.0;0.0;0;1
418.97;0.0;220.14;0.0;0.0;0;1
423.61;0.0;221.13;0.0;0.0;0;1
428.2;0.0;219.39;0.0;0.0;0;1
432.8;0.0;219.3;0.0;0.0;0;1
437.42;0.0;220.18;0.0;0.0;0;1
442.04;0.0;219.26;0.0;0.0;0;1
446.65;0.0;219.3;0.0;0.0;0;1
451.24;0.0;219.26;0.0;0.0;0;1
455.87;0.0;219.26;0.0;0.0;0;1
460.44;0.0;219.46;0.0;0.0;0;1
465.07;0.0;219.35;0.0;0.0;0;1
469.68;0.0;219.41;0.0;0.0;0;1
474.22;0.0;219.35;0.0;0.0;0;1
478.82;0.0;219.35;0.0;0.0;0;1
483.43;0.0;219.3;0.0;0.0;0;1
487.99;0.0;219.39;0.0;0.0;0;1
492.62;0.0;219.27;0.0;0.0;0;1
497.22;0.0;219.26;0.0;0.0;0;1
501.87;0.0;219.3;0.0;0.0;0;1
506.47;0.0;219.52;0.0;0.0;0;1
511.11;0.0;219.17;0.0;0.0;0;1
515.72;0.0;219.3;0.0;0.0;0;1
520.35;0.0;220.18;0.0;0.0;0;1
524.95;0.0;220.22;0.0;0.0;0;1
529.57;0.0;219.35;0.0;0.0;0;1
534.18;0.0;220.13;0.0;0.0;0;1
538.79;0.0;222.0;0.0;0.0;0;1
543.42;0.0;219.3;0.0;0.0;0;1
548.07;0.0;219.35;0.0;0.0;0;1
552.69;0.0;219.39;0.0;0.0;0;1
557.27;0.0;219.32;0.0;0.0;0;1
560.9;0.0;220.35;0.0;0.0;0;1
563.25;0.0;219.3;0.0;0.0;0;1
565.97;0.0;219.3;0.0;0.0;0;1
566.01;0.0;219.26;0.0;0.0;0;1
567.34;0.0;0.0;0.0;0.0;0;0
571.61;0.0;220.73;0.0;0.0;0;1
575.95;0.0;220.22;0.0;0.0;0;1
580.29;0.0;219.3;0.0;0.0;0;1
584.62;0.0;219.3;0.0;0.0;0;1
589.01;41.0;219.17;0.0;0.0;1;1
593.37;43.0;219.55;0.0;0.0;1;1
597.67;43.55;219.29;0.0;0.0;1;1
602.04;44.17;219.41;0.0;0.0;1;1
606.32;41.9;219.3;0.0;0.0;1;1
610.7;42.3;220.26;0.0;0.0;1;1
615.0;42.5;219.43;0.0;0.0;1;1
619.32;43.33;219.78;0.0;0.0;1;1
623.71;42.14;219.73;0.0;0.0;1;1
628.03;43.1;219.43;0.0;0.0;1;1
632.35;0.0;0.0;0.0;0.0;0;0
636.69;42.65;220.13;0.0;0.0;1;1
641.01;41.15;219.41;0.0;0.0;1;1
645.35;42.43;219.43;0.0;0.0;1;1
649.71;42.73;219.39;0.0;0.0;1;1
654.1;41.89;219.22;0.0;0.0;1;1
658.37;41.37;220.3;0.0;0.0;1;1
662.65;41.82;219.39;0.0;0.0;1;1
666.96;42.05;220.22;0.0;0.0;1;1
671.31;44.49;221.14;0.0;0.0;1;1
675.69;43.04;219.35;0.0;0.0;1;1
680.02;41.8;220.26;0.0;0.0;1;1
684.35;42.31;220.27;0.0;0.0;1;1
688.65;42.67;219.35;0.0;0.0;1;1
692.94;42.18;219.3;0.0;0.0;1;1
697.29;41.65;220.22;0.0;0.0;1;1
701.59;43.99;221.13;0.0;0.0;1;1
705.92;42.69;220.32;0.0;0.0;1;1
710.23;43.15;219.35;0.0;0.0;1;1
714.44;42.47;220.3;0.0;0.0;1;1
718.76;44.95;221.09;0.0;0.0;1;1
723.13;43.1;220.17;0.0;0.0;1;1
727.36;44.26;220.23;0.0;0.0;1;1
731.64;43.28;219.35;0.0;0.0;1;1
735.99;43.01;221.22;0.0;0.0;1;1
740.31;42.55;219.43;0.0;0.0;1;1
744.55;44.26;220.18;0.0;0.0;1;1
748.9;41.8;220.17;0.0;0.0;1;1
753.2;42.51;219.26;0.0;0.0;1;1
757.53;42.14;220.22;0.0;0.0;1;1
761.95;42.32;220.26;0.0;0.0;1;1
766.16;41.92;219.35;0.0;0.0;1;1
770.5;42.68;219.32;0.0;0.0;1;1
774.87;42.1;219.35;0.0;0.0;1;1
779.15;42.33;221.96;0.0;0.0;1;1
783.46;42.35;219.39;0.0;0.0;1;1
787.79;41.78;219.27;0.0;0.0;1;1
792.05;41.71;221.04;0.0;0.0;1;1
796.38;41.99;219.39;0.0;0.0;1;1
800.71;42.33;220.22;0.0;0.0;1;1
800.71;43.03;219.36;0.0;0.0;1;1
805.03;42.31;219.35;0.0;0.0;1;1
809.36;42.47;219.3;0.0;0.0;1;1
813.71;42.38;220.65;0.0;0.0;1;1
818.07;41.72;220.65;0.0;0.0;1;1
822.34;42.73;219.3;0.0;0.0;1;1
826.7;40.65;219.23;0.0;0.0;1;1
831.01;43.36;220.13;0.0;0.0;1;1
835.37;41.28;220.3;0.0;0.0;1;1
839.59;43.43;219.3;0.0;0.0;1;1
843.94;42.03;219.45;0.0;0.0;1;1
848.27;41.02;219.29;0.0;0.0;1;1
852.55;40.38;219.27;0.0;0.0;1;1
856.91;40.66;219.39;0.0;0.0;1;1
861.31;41.59;219.35;0.0;0.0;1;1
865.68;41.43;219.43;0.0;0.0;1;1
870.06;40.78;220.17;0.0;0.0;1;1
874.39;41.03;219.45;0.0;0.0;1;1
878.75;41.8;220.09;0.0;0.0;1;1
883.04;42.42;220.13;0.0;0.0;1;1
887.4;42.44;220.36;0.0;0.0;1;1
891.7;42.56;220.26;0.0;0.0;1;1
896.11;42.51;219.35;0.0;0.0;1;1
900.42;42.03;219.3;0.0;0.0;1;1
904.72;42.93;219.35;0.0;0.0;1;1
908.99;43.05;220.17;0.0;0.0;1;1
913.25;40.93;219.82;0.0;0.0;1;1
917.63;42.82;221.52;0.0;0.0;1;1
921.96;41.54;219.39;0.0;0.0;1;1
926.28;42.39;219.39;0.0;0.0;1;1
930.59;41.89;220.22;0.0;0.0;1;1
934.94;41.39;219.87;0.0;0.0;1;1
939.2;42.35;219.73;0.0;0.0;1;1
943.49;42.75;220.09;0.0;0.0;1;1
947.8;42.83;219.39;0.0;0.0;1;1
952.12;41.67;219.22;0.0;0.0;1;1
956.44;42.55;221.18;0.0;0.0;1;1
960.76;41.94;220.13;0.0;0.0;1;1
964.96;42.94;220.26;0.0;0.0;1;1
969.28;41.15;219.43;0.0;0.0;1;1
973.64;42.59;219.36;0.0;0.0;1;1
977.97;43.66;219.39;0.0;0.0;1;1
982.37;42.49;220.22;0.0;0.0;1;1
986.7;42.54;219.43;0.0;0.0;1;1
990.98;42.04;219.48;0.0;0.0;1;1
995.28;42.96;219.3;0.0;0.0;1;1
999.76;41.97;219.35;0.0;0.0;1;1
1004.07;41.28;220.36;0.0;0.0;1;1
1008.39;43.57;221.0;0.0;0.0;1;1
1012.72;42.83;220.65;0.0;0.0;1;1
1017.08;41.92;220.27;0.0;0.0;1;1
1021.37;43.92;219.7;0.0;0.0;1;1
1025.67;41.55;220.26;0.0;0.0;1;1
1030.01;42.21;219.43;0.0;0.0;1;1
1034.3;43.1;220.27;0.0;0.0;1;1
1038.63;42.26;220.17;0.0;0.0;1;1
1042.89;41.36;219.39;0.0;0.0;1;1
1047.17;43.03;219.35;0.0;0.0;1;1
1051.5;42.96;219.39;0.0;0.0;1;1
1055.81;42.82;221.14;0.0;0.0;1;1
1060.15;43.13;219.39;0.0;0.0;1;1
1063.43;42.65;220.17;0.0;0.0;1;1
1065.42;44.27;220.57;0.0;0.0;1;1
1068.24;43.11;219.77;0.0;0.0;1;1
1068.28;43.01;219.3;0.0;0.0;1;1
1068.83;45.44;219.3;0.0;0.0;1;1
1072.38;43.19;221.13;0.0;0.0;1;1
1076.44;43.16;220.23;0.0;0.0;1;1
1080.47;41.09;219.26;0.0;0.0;1;1
1084.52;41.78;220.17;0.0;0.0;1;1
1088.61;41.38;221.14;0.0;0.0;1;2
1092.71;43.3;223.27;0.0;0.0;1;2
1096.81;42.26;222.08;0.0;0.0;1;2
1100.88;44.12;221.83;0.0;0.0;1;2
1105.02;42.36;222.83;0.0;0.0;1;2
1109.15;44.35;222.52;0.0;0.0;1;2
1113.18;42.77;223.68;0.0;0.0;1;2
1117.24;43.55;222.06;0.0;0.0;1;2
1121.32;43.51;223.31;0.0;0.0;1;2
1125.44;42.55;223.22;0.0;0.0;1;2
1129.54;42.92;224.54;0.0;0.0;1;2
1133.51;45.01;222.15;0.0;0.0;1;2
1137.53;42.37;222.82;0.0;0.0;1;2
1141.64;42.72;222.7;0.0;0.0;1;2
1145.68;42.83;223.24;0.0;0.0;1;2
1149.67;43.07;223.43;0.0;0.0;1;2
1153.71;43.28;222.02;0.0;0.0;1;2
1157.79;42.57;224.28;0.0;0.0;1;2
1161.92;43.7;222.58;0.0;0.0;1;2
1166.04;43.88;223.03;0.0;0.0;1;2
1170.14;44.03;222.29;0.0;0.0;1;2
1174.23;44.22;222.31;0.0;0.0;1;2
1178.23;44.48;225.38;0.0;0.0;1;2
1182.15;42.91;223.25;0.0;0.0;1;2
1186.27;43.21;222.51;0.0;0.0;1;2
1190.32;43.3;222.0;0.0;0.0;1;2
1194.33;44.09;222.26;0.0;0.0;1;2
1198.34;42.26;221.74;0.0;0.0;1;2
1202.4;41.69;222.31;0.0;0.0;1;2
1206.39;41.2;222.39;0.0;0.0;1;2
1210.52;43.25;223.47;0.0;0.0;1;2
1214.55;43.08;224.37;0.0;0.0;1;2
1218.59;43.23;222.1;0.0;0.0;1;2
1222.63;42.49;222.97;0.0;0.0;1;2
1222.63;42.41;222.38;0.0;0.0;1;2
1226.65;0.0;0.0;0.0;0.0;0;0
1230.64;42.41;222.38;0.0;0.0;1;2
1234.75;42.12;221.95;0.0;0.0;1;2
1238.89;42.01;223.45;0.0;0.0;1;2
1242.91;41.69;224.13;0.0;0.0;1;2
1247.01;42.31;223.72;0.0;0.0;1;2
1251.12;42.04;224.06;0.0;0.0;1;2
1255.2;42.71;222.25;0.0;0.0;1;2
1259.29;42.84;224.4;0.0;0.0;1;2
1263.41;42.63;221.92;0.0;0.0;1;2
1267.48;43.88;222.4;0.0;0.0;1;2
1271.6;40.6;222.95;0.0;0.0;1;2
1275.67;43.64;223.59;0.0;0.0;1;2
1279.63;43.62;221.34;0.0;0.0;1;2
1283.64;42.65;221.87;0.0;0.0;1;2
1287.64;44.04;222.56;0.0;0.0;1;2
1291.7;44.69;222.47;0.0;0.0;1;2
1295.84;43.49;221.5;0.0;0.0;1;2
1300.02;43.79;222.18;0.0;0.0;1;2
1304.04;43.36;222.12;0.0;0.0;1;2
1308.13;43.29;222.78;0.0;0.0;1;2
1312.17;43.39;222.5;0.0;0.0;1;2
1316.27;43.09;222.45;0.0;0.0;1;2
1320.33;42.01;222.57;0.0;0.0;1;2
1324.28;43.18;220.65;0.0;0.0;1;2
1328.35;43.87;222.07;0.0;0.0;1;2
1332.42;43.48;221.61;0.0;0.0;1;2
1336.51;45.18;221.38;0.0;0.0;1;2
1340.55;45.07;222.43;0.0;0.0;1;2
1344.61;43.39;222.0;0.0;0.0;1;2
1348.75;42.13;221.88;0.0;0.0;1;2
1352.81;42.59;222.31;0.0;0.0;1;2
1356.81;42.97;223.49;0.0;0.0;1;2
1360.92;43.02;221.91;0.0;0.0;1;2
1365.01;42.13;221.65;0.0;0.0;1;2
1369.03;42.85;223.21;0.0;0.0;1;2
1373.01;43.18;224.12;0.0;0.0;1;2
1377.11;43.74;223.08;0.0;0.0;1;2
1381.21;44.57;223.04;0.0;0.0;1;2
1385.24;42.84;221.63;0.0;0.0;1;2
1389.2;43.82;221.94;0.0;0.0;1;2
1393.26;42.64;221.71;0.0;0.0;1;2
1397.27;42.94;221.9;0.0;0.0;1;2
1401.4;43.89;221.81;0.0;0.0;1;2
1405.49;44.43;222.09;0.0;0.0;1;2
1409.6;43.06;222.95;0.0;0.0;1;2
1413.7;42.56;222.44;0.0;0.0;1;2
1417.83;42.78;223.05;0.0;0.0;1;2
1421.8;42.45;222.54;0.0;0.0;1;2
1425.81;45.57;222.33;0.0;0.0;1;2
1429.95;42.71;222.19;0.0;0.0;1;2
1433.91;41.4;220.25;0.0;0.0;1;2
1437.99;42.27;221.94;0.0;0.0;1;2
1442.06;42.63;222.37;0.0;0.0;1;2
1446.16;42.29;223.13;0.0;0.0;1;2
1450.29;40.51;223.26;0.0;0.0;1;2
1454.46;41.92;223.25;0.00004;0.0;1;2
1458.6;42.03;222.88;0.00004;0.0;1;2
1462.73;43.67;222.72;0.00004;0.0;1;2
1466.74;43.09;223.22;0.00004;0.0;1;2
1470.85;43.99;221.37;0.00004;0.0;1;2
1474.98;43.94;222.71;0.00004;0.0;1;2
1479.07;42.38;221.59;0.00004;0.0;1;2
1483.16;44.7;225.19;0.00004;0.0;1;2
1487.2;45.0;222.7;0.00004;0.0;1;2
1491.22;43.26;222.75;0.00004;0.0;1;2
1495.33;42.21;223.22;0.00004;0.0;1;2
1499.43;42.56;223.93;0.00004;0.0;1;2
1503.52;44.2;221.56;0.00004;0.0;1;2
1507.61;44.3;221.54;0.00004;0.0;1;2
1511.66;42.85;222.2;0.00004;0.0;1;2
1515.69;43.39;221.9;0.00004;0.0;1;2
1519.72;42.59;223.19;0.00004;0.0;1;2
1523.85;44.11;223.2;0.00004;0.0;1;2
1527.86;42.91;221.26;0.00004;0.0;1;2
1531.92;44.03;223.22;0.00004;0.0;1;2
1534.54;43.81;225.67;0.00004;0.0;1;2
1536.36;44.85;223.63;0.00004;0.0;1;2
1538.91;45.05;220.94;0.00004;0.0;1;2
1538.94;45.37;223.45;0.00004;0.0;1;2
1539.21;41.98;222.21;0.00004;0.0;1;2
1542.33;42.33;223.41;0.00004;0.0;1;2
1545.92;42.18;222.53;0.00004;0.0;1;2
1549.71;43.77;223.81;0.00004;0.0;1;2
1553.47;44.08;221.82;0.00004;0.0;1;2
1557.24;41.64;222.47;0.00002;0.0;2;2
1561.13;42.3;224.55;0.00002;0.0;2;2
1564.81;41.72;222.26;0.00002;0.0;2;2
1568.54;42.34;221.38;0.00002;0.0;2;2
1572.35;41.27;221.85;0.00002;0.0;2;2
1576.14;41.77;221.95;0.00002;0.0;2;2
1579.97;41.04;221.59;0.00002;0.0;2;2
1583.93;0.0;0.0;0.0;0.0;0;0
1587.78;42.09;223.17;0.00002;0.0;2;2
1591.59;41.16;221.41;0.00002;0.0;2;2
1595.38;41.47;221.39;0.00002;0.0;2;2
1599.11;41.41;223.31;0.00002;0.0;2;2
1602.73;42.12;223.01;0.00002;0.0;2;2
1606.53;41.53;223.2;0.00002;0.0;2;2
1606.53;41.66;223.25;0.00002;0.0;2;2
1610.22;41.05;222.37;0.00002;0.0;2;2
1614.04;41.07;223.95;0.00002;0.0;2;2
1617.86;41.33;222.25;0.00002;0.0;2;2
1621.69;41.48;223.24;0.00002;0.0;2;2
1625.41;41.87;221.88;0.00002;0.0;2;2
1629.12;41.55;224.56;0.00002;0.0;2;2
1632.89;41.55;223.78;0.00002;0.0;2;2
1636.62;41.55;223.13;0.00002;0.0;2;2
1640.42;41.43;222.32;0.00002;0.0;2;2
1644.21;42.2;222.87;0.00002;0.0;2;2
1647.97;40.71;224.33;0.00002;0.0;2;2
1651.62;41.44;223.72;0.00002;0.0;2;2
1655.24;41.91;222.76;0.00002;0.0;2;2
1659.06;41.54;223.43;0.00002;0.0;2;2
1662.84;41.55;222.81;0.00002;0.0;2;2
1666.54;42.16;223.92;0.00002;0.0;2;2
1670.31;41.75;222.56;0.00002;0.0;2;2
1674.11;41.45;222.77;0.00002;0.0;2;2
1677.95;41.7;221.32;0.00002;0.0;2;2
1681.83;41.73;222.8;0.00002;0.0;2;2
1685.59;41.91;222.39;0.00002;0.0;2;2
1689.37;41.22;221.9;0.00002;0.0;2;2
1693.1;41.35;223.23;0.00002;0.0;2;2
1696.91;41.0;222.61;0.00002;0.0;2;2
1700.55;41.45;223.27;0.00002;0.0;2;2
1704.31;41.94;223.15;0.00002;0.0;2;2
1708.17;42.0;223.87;0.00002;0.0;2;2
1712.02;41.57;221.86;0.00002;0.0;2;2
1715.83;41.33;223.0;0.00002;0.0;2;2
1719.4;42.12;222.09;0.00002;0.0;2;2
1723.27;40.92;222.22;0.00002;0.0;2;2
1727.15;41.12;224.13;0.00002;0.0;2;2
1730.98;41.28;222.79;0.00002;0.0;2;2
1734.75;42.3;223.41;0.00002;0.0;2;2
1738.54;40.61;222.01;0.00002;0.0;2;2
1742.37;41.48;222.45;0.00002;0.0;2;2
1746.09;41.5;222.96;0.00001;0.0;2;2
1749.91;41.83;222.51;0.00001;0.0;2;2
1753.86;41.72;221.82;0.00001;0.0;2;2
1757.69;41.2;222.26;0.00001;0.0;2;2
1761.38;41.72;220.94;0.00001;0.0;2;2
1765.21;42.11;222.77;0.00001;0.0;2;2
1768.95;41.52;223.39;0.00001;0.0;2;2
1772.68;41.68;222.83;0.00001;0.0;2;2
1776.49;41.72;221.82;0.00001;0.0;2;2
1780.35;41.8;222.91;0.00001;0.0;2;2
1784.17;41.91;223.25;0.00001;0.0;2;2
1787.83;41.33;221.64;0.00001;0.0;2;2
1791.65;41.38;224.05;0.00001;0.0;2;2
1795.45;41.17;220.97;0.00001;0.0;2;2
1799.27;41.45;220.87;0.00001;0.0;2;2
1803.04;41.38;222.75;0.00001;0.0;2;2
1806.9;41.75;222.83;0.00001;0.0;2;2
1810.64;42.12;221.71;0.00001;0.0;2;2
1814.51;42.12;221.71;0.00001;0.0;2;2
1818.28;40.7;221.58;0.00001;0.0;2;2
1822.13;41.66;222.41;0.00001;0.0;2;2
1825.88;41.86;223.91;0.00001;0.0;2;2
1829.64;41.09;221.16;0.00001;0.0;2;2
1833.4;41.4;222.69;0.00001;0.0;2;2
1837.2;41.47;222.38;0.00001;0.0;2;2
1841.03;42.02;223.41;0.00001;0.0;2;2
1844.8;41.47;222.62;0.00001;0.0;2;2
1848.5;40.88;221.13;0.00001;0.0;2;2
1852.37;41.21;223.59;0.00001;0.0;2;2
1856.09;0.0;0.0;0.0;0.0;0;0
1859.89;41.62;222.5;0.00001;0.0;2;2
1863.66;41.48;222.59;0.00001;0.0;2;2
1867.48;41.86;222.56;0.00001;0.0;2;2
1871.2;41.81;223.55;0.00001;0.0;2;2
1875.05;42.04;221.91;0.00001;0.0;2;2
1878.79;42.09;222.95;0.00001;0.0;2;2
1882.67;42.31;222.51;0.00001;0.0;2;2
1886.49;41.55;224.71;0.00001;0.0;2;2
1890.4;41.77;222.7;0.00001;0.0;2;2
1894.13;42.26;223.13;0.00001;0.0;2;2
1897.9;41.86;223.47;0.00001;0.0;2;2
1901.73;41.48;222.56;0.00001;0.0;2;2
1905.41;41.29;223.01;0.00001;0.0;2;2
1909.17;41.73;223.19;0.00001;0.0;2;2
1913.05;41.29;224.53;0.00001;0.0;2;2
1916.86;41.8;223.33;0.00001;0.0;2;2
1920.9;41.37;225.68;0.00001;0.0;2;2
1924.7;40.61;222.04;0.00001;0.0;2;2
1928.56;42.31;221.51;0.00001;0.0;2;2
1932.48;41.56;223.45;0.00001;0.0;2;2
1936.21;41.73;221.13;0.00001;0.0;2;2
1939.97;40.64;223.11;0.00001;0.0;2;2
1943.83;41.58;222.76;0.00001;0.0;2;2
1947.68;41.44;222.09;0.00001;0.0;2;2
1951.5;40.63;222.6;0.00001;0.0;2;2
1951.5;41.46;223.9;0.00001;0.0;2;2
1955.34;42.17;222.21;0.00001;0.0;2;2
1959.11;42.16;222.09;0.00001;0.0;2;2
1962.84;41.74;223.0;0.00001;0.0;2;2
1966.7;41.55;221.5;0.00001;0.0;2;2
1970.53;42.17;223.62;0.00001;0.0;2;2
1972.0;40.75;223.34;0.00001;0.0;2;2
1974.42;41.94;223.16;0.00001;0.0;2;2
1975.96;42.7;222.59;0.00001;0.0;2;2
1975.96;42.12;223.13;0.00001;0.0;2;2
1976.77;41.78;224.18;0.00001;0.0;2;2
1980.02;42.16;224.27;0.00001;0.0;2;2
1983.56;41.33;221.9;0.00001;0.0;2;2
1986.92;42.0;221.98;0.00001;0.0;2;2
1990.52;41.88;222.9;0.00001;0.0;2;2
1994.14;41.28;222.45;0.00001;0.0;2;3
1997.57;41.02;221.76;0.00001;0.0;2;3
2001.15;42.1;221.82;0.00001;0.0;2;3
2004.66;41.56;222.07;0.00001;0.0;2;3
2008.19;42.13;221.52;0.00001;0.0;2;3
2011.73;41.36;220.92;0.00001;0.0;2;3
2015.18;41.59;221.3;0.00001;0.0;2;3
2018.73;41.55;221.57;0.00001;0.0;2;3
2022.18;41.79;222.03;0.00001;0.0;2;3
2025.7;40.76;221.49;0.00001;0.0;2;3
2029.12;42.03;221.34;0.00001;0.0;2;3
2032.61;41.94;221.82;0.00001;0.0;2;3
2036.04;42.14;221.18;0.00001;0.0;2;3
2039.44;40.98;221.14;0.00001;0.0;2;3
2043.0;42.31;220.79;0.00001;0.0;2;3
2046.46;42.0;222.49;0.00001;0.0;2;3
2050.02;42.32;220.67;0.00001;0.0;2;3
2053.54;41.91;221.76;0.00001;0.0;2;3
2057.02;41.89;220.9;0.00001;0.0;2;3
2060.59;41.34;221.69;0.00001;0.0;2;3
2064.17;41.42;221.92;0.00001;0.0;2;3
2067.68;41.66;221.83;0.00001;0.0;2;3
2071.12;42.04;220.52;0.00001;0.0;2;3
2074.64;42.62;222.03;0.00001;0.0;2;3
2078.2;41.8;220.72;0.00001;0.0;2;3
2081.73;42.33;222.15;0.00001;0.0;2;3
2085.3;42.21;220.6;0.00001;0.0;2;3
2088.99;41.64;221.63;0.00001;0.0;2;3
2092.5;42.34;220.97;0.00001;0.0;2;3
2095.9;42.24;221.82;0.00001;0.0;2;3
2099.49;41.47;221.82;0.00001;0.0;2;3
2103.16;41.55;222.01;0.00001;0.0;2;3
2106.86;41.11;222.21;0.00001;0.0;2;3
2110.26;41.27;222.52;0.00001;0.0;2;3
2113.71;42.36;221.61;0.00001;0.0;2;3
2117.31;41.89;221.32;0.00001;0.0;2;3
2120.88;41.63;220.87;0.00001;0.0;2;3
2124.47;41.89;222.42;0.00001;0.0;2;3
2127.86;41.19;221.36;0.00001;0.0;2;3
2131.24;41.38;221.2;0.00001;0.0;2;3
2134.74;40.94;221.4;0.00001;0.0;2;3
2138.2;41.61;221.59;0.00001;0.0;2;3
2141.53;40.45;223.72;0.00001;0.0;2;3
2145.22;41.68;221.82;0.00001;0.0;2;3
2148.78;40.69;222.1;0.00001;0.0;2;3
2152.31;41.76;221.47;0.00001;0.0;2;3
2155.91;41.29;222.6;0.00001;0.0;2;3
2159.56;41.12;221.58;0.00001;0.0;2;3
2163.04;40.36;222.7;0.00001;0.0;2;3
2166.68;40.76;220.95;0.00001;0.0;2;3
2170.29;41.58;221.72;0.00001;0.0;2;3
2173.79;41.64;222.94;0.00001;0.0;2;3
2177.18;40.86;221.75;0.00001;0.0;2;3
2180.77;41.97;221.94;0.00001;0.0;2;3
2184.53;41.09;221.77;0.00001;0.0;2;3
2188.02;41.07;221.45;0.00001;0.0;2;3
2191.57;41.98;220.95;0.00001;0.0;2;3
2195.14;41.8;222.22;0.00001;0.0;2;3
2198.71;41.61;222.05;0.00001;0.0;2;3
2202.28;40.89;221.71;0.00001;0.0;2;3
2205.86;41.72;221.74;0.00001;0.0;2;3
2209.39;41.52;221.62;0.00001;0.0;2;3
2213.05;41.49;221.13;0.00001;0.0;2;3
2216.59;41.2;222.24;0.00001;0.0;2;3
2220.18;41.04;221.98;0.00001;0.0;2;3
2223.74;41.09;221.26;0.00001;0.0;2;3
2223.74;41.58;220.88;0.00001;0.0;2;3
2227.3;41.13;221.0;0.00001;0.0;2;3
2231.0;41.1;222.41;0.00001;0.0;2;3
2234.56;41.36;220.61;0.00001;0.0;2;3
2238.16;41.32;221.92;0.00001;0.0;2;3
2241.78;41.96;222.12;0.00001;0.0;2;3
2245.27;41.38;222.5;0.00001;0.0;2;3
2248.73;41.0;221.78;0.00001;0.0;2;3
2252.23;41.25;221.75;0.00001;0.0;2;3
2255.87;42.23;221.64;0.00001;0.0;2;3
2259.65;41.49;221.12;0.00001;0.0;2;3
2263.16;42.16;221.71;0.00001;0.0;2;3
2266.66;41.89;221.49;0.00001;0.0;2;3
2270.22;40.99;222.13;0.00001;0.0;2;3
2273.86;41.06;221.96;0.00001;0.0;2;3
2277.52;41.02;221.71;0.00001;0.0;2;3
2281.25;41.47;222.17;0.00001;0.0;2;3
2284.95;41.41;222.0;0.00001;0.0;2;3
2288.47;40.64;222.15;0.00001;0.0;2;3
2292.08;42.01;221.8;0.00001;0.0;2;3
2295.59;41.64;223.01;0.00001;0.0;2;3
2299.17;40.89;220.6;0.00001;0.0;2;3
2302.76;40.89;220.6;0.00001;0.0;2;3
2306.36;41.97;221.34;0.00001;0.0;2;3
2309.77;41.59;222.58;0.00001;0.0;2;3
2313.51;41.91;221.51;0.00001;0.0;2;3
2317.2;42.55;222.84;0.00001;0.0;2;3
2320.75;40.58;222.36;0.00001;0.0;2;3
2324.29;41.8;222.99;0.00001;0.0;2;3
2327.88;41.7;221.29;0.00001;0.0;2;3
2331.42;42.19;220.66;0.00001;0.0;2;3
2335.0;42.37;222.72;0.00001;0.0;2;3
2338.57;40.94;222.07;0.00001;0.0;2;3
2342.21;40.55;222.36;0.00001;0.0;2;3
2345.84;41.34;221.66;0.00001;0.0;2;3
2349.46;41.23;221.67;0.00001;0.0;2;3
2352.96;41.07;222.63;0.00001;0.0;2;3
2356.57;41.27;221.52;0.00001;0.0;2;3
2360.09;41.11;221.15;0.00001;0.0;2;3
2363.68;40.88;221.79;0.00001;0.0;2;3
2367.19;42.0;221.93;0.00001;0.0;2;3
2370.76;41.63;222.62;0.00001;0.0;2;3
2374.24;0.0;0.0;0.0;0.0;0;0
2377.77;41.16;220.99;0.00001;0.0;2;3
2381.14;40.77;220.77;0.00001;0.0;2;3
2382.49;42.0;221.07;0.00001;0.0;2;3
2384.46;41.73;220.14;0.00001;0.0;2;3
2385.14;42.37;220.24;0.00001;0.0;2;3
2385.14;41.86;220.18;0.00001;0.0;2;3
2386.42;40.59;220.8;0.00001;0.0;2;3
2389.74;41.7;220.51;0.00002;0.0;2;3
2393.1;41.06;221.97;0.00002;0.0;2;3
2396.48;41.81;219.96;0.00003;0.0;2;3
2399.98;41.42;219.85;0.00003;0.0;2;3
2403.3;41.15;220.26;0.00002;0.0;3;3
2406.63;41.36;219.91;0.00002;0.0;3;3
2409.92;41.53;219.88;0.00002;0.0;3;3
2413.26;40.63;219.78;0.00002;0.0;3;3
2416.54;42.43;220.08;0.00002;0.0;3;3
2419.96;41.21;220.32;0.00002;0.0;3;3
2423.39;41.53;219.64;0.00002;0.0;3;3
2426.86;40.45;219.62;0.00002;0.0;3;3
2430.26;0.0;0.0;0.0;0.0;0;0
2433.47;40.59;219.52;0.00002;0.0;3;3
2436.86;41.81;220.63;0.00002;0.0;3;3
2440.3;40.88;219.6;0.00001;0.0;3;3
2443.78;40.63;219.93;0.00001;0.0;3;3
2447.1;40.93;219.32;0.00001;0.0;3;3
2450.33;41.56;220.23;0.00001;0.0;3;3
2453.61;41.13;219.29;0.00001;0.0;3;3
2457.07;41.16;220.23;0.00001;0.0;3;3
2460.32;41.35;219.33;0.00001;0.0;3;3
2463.68;41.12;220.01;0.00001;0.0;3;3
2467.13;41.25;219.94;0.00001;0.0;3;3
2470.53;40.59;220.26;0.00001;0.0;3;3
2473.58;40.78;219.38;0.00001;0.0;3;3
2476.82;41.29;219.72;0.00001;0.0;3;3
2480.2;40.9;219.91;0.00001;0.0;3;3
2483.46;40.74;219.69;0.00001;0.0;3;3
2486.72;40.62;220.24;0.00001;0.0;3;3
2490.01;40.96;220.88;0.00001;0.0;3;3
2493.43;40.92;220.51;0.00001;0.0;3;3
2493.43;41.16;219.39;0.00001;0.0;3;3
2496.74;41.73;219.99;0.00001;0.0;3;3
2499.91;41.24;220.52;0.00001;0.0;3;3
2503.26;41.46;219.55;0.00001;0.0;3;3
2506.62;41.41;220.22;0.00001;0.0;3;3
2509.97;41.22;220.51;0.00001;0.0;3;3
2513.19;40.71;219.96;0.00001;0.0;3;3
2516.46;41.4;220.23;0.00001;0.0;3;3
2519.71;41.15;219.71;0.00001;0.0;3;3
2523.19;41.22;219.66;0.00001;0.0;3;3
2526.56;41.89;219.93;0.00001;0.0;3;3
2529.84;41.7;219.67;0.00001;0.0;3;3
2533.26;41.38;219.65;0.00001;0.0;3;3
2536.66;41.42;220.51;0.00001;0.0;3;3
2539.91;41.42;219.6;0.00001;0.0;3;3
2543.34;41.4;220.78;0.00001;0.0;3;3
2546.86;41.37;219.64;0.00001;0.0;3;3
2550.15;41.22;219.67;0.00001;0.0;3;3
2553.53;40.97;220.19;0.00001;0.0;3;3
2556.77;41.54;219.38;0.00001;0.0;3;3
2560.08;0.0;0.0;0.0;0.0;0;0
2563.52;41.36;219.64;0.00001;0.0;3;3
2566.93;41.4;219.97;0.00001;0.0;3;3
2570.14;40.99;219.93;0.00001;0.0;3;3
2573.44;41.68;221.42;0.00001;0.0;3;3
2576.89;41.24;219.57;0.00001;0.0;3;3
2580.34;41.4;219.75;0.00001;0.0;3;3
2583.79;40.72;219.58;0.00001;0.0;3;3
2587.25;41.03;219.91;0.00001;0.0;3;3
2590.62;40.7;220.15;0.00001;0.0;3;3
2594.02;40.94;220.07;0.00001;0.0;3;3
2597.36;41.4;220.28;0.00001;0.0;3;3
2600.68;41.8;219.4;0.00001;0.0;3;3
2603.88;41.59;219.7;0.00001;0.0;3;3
2607.15;41.28;220.29;0.00001;0.0;3;3
2610.48;41.55;219.64;0.00001;0.0;3;3
2613.84;41.36;219.98;0.00001;0.0;3;3
2617.35;41.56;219.93;0.00001;0.0;3;3
2620.7;41.71;220.55;0.00001;0.0;3;3
2624.16;41.44;219.53;0.00001;0.0;3;3
2627.42;41.36;219.75;0.00001;0.0;3;3
2630.84;41.22;219.92;0.00001;0.0;3;3
2634.17;40.85;219.68;0.00001;0.0;3;3
2637.53;41.35;219.34;0.00001;0.0;3;3
2640.87;42.14;219.36;0.00001;0.0;3;3
2644.18;41.32;219.34;0.00001;0.0;3;3
2647.57;41.48;219.92;0.00001;0.0;3;3
2650.9;41.26;221.3;0.00001;0.0;3;3
2654.33;41.55;219.53;0.00001;0.0;3;3
2657.56;41.11;219.61;0.00001;0.0;3;3
2660.72;41.11;219.61;0.00001;0.0;3;3
2664.03;41.67;219.34;0.00001;0.0;3;3
2667.42;40.81;219.32;0.00001;0.0;3;3
2670.79;41.33;220.2;0.00001;0.0;3;3
2674.0;40.65;219.53;0.00001;0.0;3;3
2677.26;40.89;219.81;0.00001;0.0;3;3
2680.55;41.04;219.61;0.00001;0.0;3;3
2683.81;40.87;219.61;0.00001;0.0;3;3
2687.16;40.87;219.92;0.00001;0.0;3;3
2690.53;41.1;219.61;0.00001;0.0;3;3
2693.96;41.2;219.62;0.00001;0.0;3;3
2697.22;40.58;220.83;0.00001;0.0;3;3
2700.45;41.61;219.95;0.00001;0.0;3;3
2703.87;41.62;220.27;0.00001;0.0;3;3
2707.33;41.75;219.78;0.00001;0.0;3;3
2710.69;40.67;220.31;0.00001;0.0;3;3
2714.15;41.12;219.85;0.00001;0.0;3;3
2717.51;40.89;219.94;0.00001;0.0;3;3
2720.81;41.44;220.92;0.00001;0.0;3;3
2724.09;40.86;219.94;0.00001;0.0;3;3
2727.43;41.72;220.48;0.00001;0.0;3;3
2730.81;40.66;219.83;0.00001;0.0;3;3
2734.1;41.02;219.79;0.00001;0.0;3;3
2737.43;41.5;220.39;0.00001;0.0;3;3
2740.62;40.62;219.64;0.00001;0.0;3;3
2743.77;41.28;219.59;0.00001;0.0;3;3
2747.25;40.73;219.4;0.00001;0.0;3;3
2750.66;40.89;219.7;0.00001;0.0;3;3
2754.2;40.75;219.64;0.00001;0.0;3;3
2757.56;40.84;219.92;0.00001;0.0;3;3
2760.93;42.31;220.83;0.00001;0.0;3;3
2764.28;41.25;219.39;0.00001;0.0;3;3
2766.07;41.35;219.64;0.00001;0.0;3;3
2767.7;41.23;219.92;0.00001;0.0;3;3
2769.95;42.21;219.64;0.00001;0.0;3;3
2769.97;41.42;219.69;0.00001;0.0;3;3
2769.97;40.66;220.58;0.00001;0.0;3;3
2770.84;41.21;219.94;0.00001;0.0;3;3
2773.86;41.33;219.47;0.00001;0.0;3;3
2773.86;40.54;220.61;0.00001;0.0;3;3
2776.94;39.73;219.29;0.00001;0.0;3;3
2780.0;39.34;220.04;0.00001;0.0;3;3
2782.81;39.36;220.04;0.00001;0.0;3;3
2785.84;39.54;220.57;0.00001;0.0;3;4
2788.98;39.51;221.52;0.00001;0.0;3;4
2791.92;39.38;220.46;0.00001;0.0;3;4
2795.07;39.44;220.81;0.00001;0.0;3;4
2798.38;39.47;220.91;0.00001;0.0;3;4
2801.51;39.43;222.11;0.00001;0.0;3;4
2804.66;39.41;221.09;0.00001;0.0;3;4
2807.84;39.42;220.59;0.00001;0.0;3;4
2811.06;39.33;221.35;0.00001;0.0;3;4
2814.08;39.48;220.69;0.00001;0.0;3;4
2817.24;39.36;221.41;0.00001;0.0;3;4
2820.34;39.42;220.58;0.00001;0.0;3;4
2823.57;39.37;221.64;0.00001;0.0;3;4
2826.76;39.42;221.5;0.00001;0.0;3;4
2829.86;39.4;220.87;0.00001;0.0;3;4
2832.92;39.49;220.2;0.00001;0.0;3;4
2836.1;39.48;220.93;0.00001;0.0;3;4
2839.19;39.37;220.17;0.00001;0.0;3;4
2842.37;39.44;221.24;0.00001;0.0;3;4
2845.63;39.49;221.15;0.00001;0.0;3;4
2848.84;39.4;221.07;0.00001;0.0;3;4
2852.02;39.43;220.92;0.00001;0.0;3;4
2855.23;39.45;221.44;0.00001;0.0;3;4
2858.21;39.41;221.01;0.00001;0.0;3;4
2861.26;39.47;222.05;0.00001;0.0;3;4
2864.33;39.5;220.71;0.00001;0.0;3;4
2867.32;39.49;220.18;0.00001;0.0;3;4
2870.12;0.0;0.0;0.0;0.0;0;0
2873.21;39.4;221.58;0.00001;0.0;3;4
2876.2;39.4;221.45;0.00001;0.0;3;4
2879.35;39.43;221.17;0.00001;0.0;3;4
2882.33;39.52;221.62;0.00001;0.0;3;4
2885.37;39.44;220.84;0.00001;0.0;3;4
2888.34;39.43;221.17;0.00001;0.0;3;4
2891.45;39.41;220.47;0.00001;0.0;3;4
2894.68;39.49;221.59;0.00001;0.0;3;4
2897.8;39.36;220.39;0.00001;0.0;3;4
2900.84;39.43;220.39;0.00001;0.0;3;4
2904.09;39.54;220.99;0.00001;0.0;3;4
2907.07;39.47;220.53;0.00001;0.0;3;4
2910.18;39.44;221.38;0.00001;0.0;3;4
2913.22;39.35;221.18;0.00001;0.0;3;4
2916.33;39.41;221.55;0.00001;0.0;3;4
2919.44;39.48;220.12;0.00001;0.0;3;4
2922.47;39.41;220.56;0.00001;0.0;3;4
2925.65;39.41;221.38;0.00001;0.0;3;4
2928.85;39.53;219.9;0.00001;0.0;3;4
2932.0;39.44;221.31;0.00001;0.0;3;4
2935.15;0.0;0.0;0.0;0.0;0;0
2938.19;39.43;221.14;0.00001;0.0;3;4
2941.25;39.44;220.93;0.00001;0.0;3;4
2944.36;39.43;221.41;0.00001;0.0;3;4
2947.38;39.52;220.1;0.00001;0.0;3;4
2950.54;39.42;221.55;0.00001;0.0;3;4
2953.72;39.48;220.79;0.00001;0.0;3;4
2956.85;39.42;221.08;0.00001;0.0;3;4
2959.83;39.39;220.02;0.00001;0.0;3;4
2963.04;39.65;221.63;0.00001;0.0;3;4
2966.2;39.47;220.74;0.00001;0.0;3;4
2969.31;39.48;221.28;0.00001;0.0;3;4
2972.51;39.42;220.68;0.00001;0.0;3;4
2975.72;39.35;220.22;0.00001;0.0;3;4
2978.93;39.41;220.62;0.00001;0.0;3;4
2982.21;39.41;220.97;0.00001;0.0;3;4
2985.26;39.41;220.97;0.00001;0.0;3;4
2988.47;39.35;221.05;0.00001;0.0;3;4
2991.53;39.43;220.47;0.00001;0.0;3;4
2994.52;39.41;220.72;0.00001;0.0;3;4
2997.81;39.4;220.72;0.00001;0.0;3;4
3000.85;39.43;220.61;0.00001;0.0;3;4
3003.82;39.37;220.7;0.00001;0.0;3;4
3006.81;39.36;221.05;0.00001;0.0;3;4
3009.68;39.52;221.49;0.00001;0.0;3;4
3012.58;39.51;220.81;0.00001;0.0;3;4
3015.63;39.44;220.75;0.00001;0.0;3;4
3018.6;39.44;220.55;0.00001;0.0;3;4
3018.6;39.38;221.15;0.00001;0.0;3;4
3021.44;39.37;220.91;0.00001;0.0;3;4
3024.34;39.41;221.45;0.00001;0.0;3;4
3027.28;39.38;220.58;0.00001;0.0;3;4
3030.32;39.41;220.44;0.00001;0.0;3;4
3033.25;39.42;222.28;0.00001;0.0;3;4
3036.17;39.43;220.94;0.00001;0.0;3;4
3039.2;39.38;220.56;0.00001;0.0;3;4
3042.16;39.36;221.03;0.00001;0.0;3;4
3045.21;39.38;220.68;0.00001;0.0;3;4
3048.24;39.57;220.85;0.00001;0.0;3;4
3051.29;39.36;221.0;0.00001;0.0;3;4
3054.29;39.52;220.49;0.00001;0.0;3;4
3057.4;39.53;220.45;0.00001;0.0;3;4
3060.41;39.32;221.29;0.00001;0.0;3;4
3063.5;39.42;220.74;0.00001;0.0;3;4
3066.59;39.41;220.69;0.00001;0.0;3;4
3069.68;39.52;220.89;0.00001;0.0;3;4
3072.82;39.41;220.41;0.00001;0.0;3;4
3076.04;39.4;220.8;0.00001;0.0;3;4
3079.26;39.53;220.47;0.00001;0.0;3;4
3082.37;39.43;220.92;0.00001;0.0;3;4
3085.56;39.4;220.65;0.00001;0.0;3;4
3088.75;39.53;220.38;0.00001;0.0;3;4
3091.84;39.38;220.55;0.00001;0.0;3;4
3094.87;39.66;221.85;0.00001;0.0;3;4
3097.99;0.0;0.0;0.0;0.0;0;0
3101.16;39.42;221.45;0.00001;0.0;3;4
3104.35;39.43;222.1;0.00001;0.0;3;4
3107.49;39.48;221.53;0.00001;0.0;3;4
3110.64;39.47;221.34;0.00001;0.0;3;4
3113.77;39.35;220.63;0.00001;0.0;3;4
3116.91;39.43;220.8;0.00001;0.0;3;4
3119.98;39.47;220.57;0.00001;0.0;3;4
3120.72;39.45;220.75;0.00001;0.0;3;4
3122.3;39.47;221.24;0.00001;0.0;3;4
3123.45;39.53;221.52;0.00001;0.0;3;4
3123.48;39.45;221.21;0.00001;0.0;3;4
3123.48;39.45;220.92;0.00001;0.0;3;4
3125.07;39.63;221.2;0.00001;0.0;3;4
3127.94;39.49;220.64;0.00002;0.0;3;4
3130.86;39.44;220.71;0.00003;0.0;3;4
3133.75;39.45;221.3;0.00003;0.0;3;4
3136.54;39.36;220.65;0.00003;0.0;3;4
3139.39;40.83;220.9;0.00003;0.0;4;4
3142.33;40.25;220.97;0.00003;0.0;4;4
3145.14;40.67;221.64;0.00003;0.0;4;4
3148.07;40.31;220.72;0.00003;0.0;4;4
3150.96;40.65;221.06;0.00003;0.0;4;4
3153.67;40.18;220.67;0.00003;0.0;4;4
3156.52;40.45;221.31;0.00003;0.0;4;4
3159.45;40.54;221.76;0.00003;0.0;4;4
3162.37;40.03;221.23;0.00003;0.0;4;4
3165.22;40.25;220.75;0.00003;0.0;4;4
3168.11;40.17;220.67;0.00003;0.0;4;4
3171.07;40.07;220.48;0.00002;0.0;4;4
3173.94;40.36;220.56;0.00002;0.0;4;4
3176.86;40.02;220.4;0.00002;0.0;4;4
3179.77;39.94;220.94;0.00003;0.0;4;4
3182.81;40.13;220.36;0.00003;0.0;4;4
3185.64;40.58;220.69;0.00003;0.0;4;4
3188.64;40.12;220.82;0.00003;0.0;4;4
3191.69;40.4;221.63;0.00003;0.0;4;4
3194.61;40.12;221.1;0.00003;0.0;4;4
3197.42;40.21;220.15;0.00003;0.0;4;4
3200.34;40.78;220.56;0.00003;0.0;4;4
3203.27;40.83;220.75;0.00003;0.0;4;4
3206.11;40.48;220.25;0.00003;0.0;4;4
3209.07;40.49;220.76;0.00003;0.0;4;4
3212.08;40.87;220.52;0.00003;0.0;4;4
3212.08;40.43;219.97;0.00003;0.0;4;4
3215.11;40.54;220.56;0.00003;0.0;4;4
3218.09;0.0;0.0;0.0;0.0;0;0
3221.04;40.6;220.53;0.00003;0.0;4;4
3223.95;40.78;220.3;0.00003;0.0;4;4
3226.97;40.33;221.15;0.00003;0.0;4;4
3229.91;40.39;222.31;0.00003;0.0;4;4
3232.93;40.78;219.96;0.00003;0.0;4;4
3235.82;0.0;0.0;0.0;0.0;0;0
3238.69;40.41;220.12;0.00003;0.0;4;4
3241.72;40.42;220.24;0.00003;0.0;4;4
3244.73;40.22;220.5;0.00003;0.0;4;4
3247.65;40.03;221.13;0.00003;0.0;4;4
3250.73;39.98;221.02;0.00003;0.0;4;4
3253.73;39.94;220.23;0.00003;0.0;4;4
3256.44;40.4;221.04;0.00003;0.0;4;4
3259.29;40.74;221.18;0.00003;0.0;4;4
3262.18;40.5;220.42;0.00003;0.0;4;4
3265.18;40.42;220.91;0.00003;0.0;4;4
3268.19;40.49;221.04;0.00003;0.0;4;4
3271.16;40.64;220.96;0.00003;0.0;4;4
3274.14;40.59;221.71;0.00003;0.0;4;4
3277.02;40.15;220.14;0.00003;0.0;4;4
3280.01;40.65;221.3;0.00003;0.0;4;4
3283.07;40.54;221.37;0.00003;0.0;4;4
3286.01;40.21;220.53;0.00003;0.0;4;4
3288.98;40.21;220.53;0.00003;0.0;4;4
3291.76;40.27;220.84;0.00003;0.0;4;4
3294.64;40.48;220.35;0.00003;0.0;4;4
3297.75;40.33;220.43;0.00002;0.0;4;4
3300.69;40.06;220.27;0.00002;0.0;4;4
3303.56;40.32;221.66;0.00002;0.0;4;4
3306.59;40.8;220.42;0.00002;0.0;4;4
3309.53;40.5;220.65;0.00002;0.0;4;4
3312.52;40.61;220.65;0.00002;0.0;4;4
3315.46;40.66;220.74;0.00002;0.0;4;4
3318.34;40.37;220.61;0.00002;0.0;4;4
3321.29;40.47;221.1;0.00002;0.0;4;4
3324.3;40.38;220.69;0.00002;0.0;4;4
3327.15;40.31;220.47;0.00002;0.0;4;4
3330.06;40.34;221.25;0.00002;0.0;4;4
3333.12;40.48;220.38;0.00002;0.0;4;4
3335.98;40.23;221.73;0.00002;0.0;4;4
3338.9;40.45;221.89;0.00002;0.0;4;4
3341.77;40.83;220.75;0.00002;0.0;4;4
3344.55;39.97;221.5;0.00002;0.0;4;4
3347.4;40.59;220.9;0.00002;0.0;4;4
3350.34;40.51;220.5;0.00002;0.0;4;4
3353.19;40.17;220.04;0.00002;0.0;4;4
3356.11;40.38;220.65;0.00002;0.0;4;4
3358.93;40.27;221.18;0.00002;0.0;4;4
3361.8;40.55;221.51;0.00002;0.0;4;4
3364.77;40.28;221.29;0.00002;0.0;4;4
3367.65;40.21;220.13;0.00002;0.0;4;4
3370.63;39.95;221.28;0.00002;0.0;4;4
3373.4;40.39;221.24;0.00002;0.0;4;4
3376.31;40.56;221.75;0.00002;0.0;4;4
3379.26;40.41;220.22;0.00002;0.0;4;4
3382.34;40.47;221.14;0.00002;0.0;4;4
3385.42;39.86;220.03;0.00002;0.0;4;4
3388.27;40.27;221.3;0.00002;0.0;4;4
3391.04;40.52;220.24;0.00002;0.0;4;4
3394.03;40.92;221.4;0.00002;0.0;4;4
3397.07;40.63;220.64;0.00002;0.0;4;4
3400.04;40.55;220.68;0.00002;0.0;4;4
3402.95;40.32;220.35;0.00002;0.0;4;4
3405.95;39.89;219.96;0.00002;0.0;4;4
3405.95;40.61;220.52;0.00002;0.0;4;4
3408.89;40.53;221.07;0.00002;0.0;4;4
3411.83;40.54;220.56;0.00002;0.0;4;4
3414.76;40.55;220.56;0.00002;0.0;4;4
3417.69;40.59;220.93;0.00002;0.0;4;4
3420.56;40.61;220.93;0.00002;0.0;4;4
3423.5;40.24;220.53;0.00002;0.0;4;4
3426.53;39.83;220.67;0.00002;0.0;4;4
3429.38;40.58;220.75;0.00002;0.0;4;4
3432.29;40.37;221.15;0.00002;0.0;4;4
3435.19;40.38;220.03;0.00002;0.0;4;4
3438.11;40.37;221.03;0.00002;0.0;4;4
3441.07;40.06;221.23;0.00002;0.0;4;4
3443.94;40.49;221.2;0.00002;0.0;4;4
3446.85;40.28;221.05;0.00002;0.0;4;4
3449.79;40.32;221.52;0.00002;0.0;4;4
3452.64;40.34;221.02;0.00002;0.0;4;4
3453.41;40.66;221.38;0.00002;0.0;4;4
3455.0;41.04;221.37;0.00002;0.0;4;4
3455.96;40.31;220.38;0.00002;0.0;4;4
3455.98;40.51;221.25;0.00002;0.0;4;4
3455.98;39.97;220.86;0.00002;0.0;4;4
3457.2;39.44;221.54;0.00003;0.0;4;4
3459.87;39.39;221.19;0.00003;0.0;4;4
3462.51;39.51;219.73;0.00003;0.0;4;4
3465.28;39.42;219.43;0.00003;0.0;4;4
3468.01;39.41;219.34;0.00003;0.0;4;5
3470.64;39.39;219.35;0.00003;0.0;4;5
3473.28;39.38;219.39;0.00003;0.0;4;5
3476.04;39.41;219.3;0.00003;0.0;4;5
3478.67;39.46;219.33;0.00003;0.0;4;5
3481.49;39.39;219.4;0.00003;0.0;4;5
3484.31;39.39;219.31;0.00003;0.0;4;5
3487.05;39.48;219.37;0.00003;0.0;4;5
3489.65;39.38;219.51;0.00003;0.0;4;5
3492.32;39.34;219.34;0.00003;0.0;4;5
3495.06;39.37;219.59;0.00003;0.0;4;5
3497.87;39.45;219.46;0.00003;0.0;4;5
3500.55;39.37;219.35;0.00003;0.0;4;5
3503.25;39.42;219.4;0.00003;0.0;4;5
3505.84;39.41;219.57;0.00003;0.0;4;5
3508.54;39.42;219.4;0.00003;0.0;4;5
3511.27;39.44;219.57;0.00003;0.0;4;5
3513.92;39.47;219.34;0.00003;0.0;4;5
3516.57;39.45;219.38;0.00003;0.0;4;5
3519.29;39.36;219.34;0.00003;0.0;4;5
3521.85;39.35;219.31;0.00003;0.0;4;5
3524.66;39.4;219.56;0.00003;0.0;4;5
3527.47;39.38;219.37;0.00003;0.0;4;5
3530.2;39.38;219.35;0.00003;0.0;4;5
3533.0;39.4;219.39;0.00003;0.0;4;5
3535.67;39.4;219.39;0.00003;0.0;4;5
3538.36;39.42;219.39;0.00003;0.0;4;5
3541.11;39.34;219.43;0.00003;0.0;4;5
3543.85;39.44;219.8;0.00003;0.0;4;5
3546.41;39.37;219.28;0.00003;0.0;4;5
3549.11;39.36;219.4;0.00003;0.0;4;5
3551.88;39.36;219.36;0.00003;0.0;4;5
3554.4;39.39;219.34;0.00003;0.0;4;5
3557.14;39.42;219.37;0.00003;0.0;4;5
3559.81;39.35;219.39;0.00003;0.0;4;5
3562.37;39.38;219.34;0.00003;0.0;4;5
3565.16;39.38;219.56;0.00003;0.0;4;5
3567.59;39.41;219.34;0.00003;0.0;4;5
3570.2;39.38;219.37;0.00003;0.0;4;5
3572.89;39.39;219.55;0.00003;0.0;4;5
3572.89;39.34;219.34;0.00003;0.0;4;5
3575.58;39.37;219.38;0.00003;0.0;4;5
3578.24;39.4;219.32;0.00003;0.0;4;5
3580.93;39.41;219.35;0.00003;0.0;4;5
3583.53;39.37;219.39;0.00003;0.0;4;5
3585.91;39.48;219.31;0.00003;0.0;4;5
3588.63;39.39;219.36;0.00003;0.0;4;5
3591.26;39.39;219.39;0.00003;0.0;4;5
3593.97;39.38;219.34;0.00003;0.0;4;5
3596.54;39.34;219.33;0.00003;0.0;4;5
3599.21;39.36;219.28;0.00003;0.0;4;5
3601.82;39.45;219.52;0.00003;0.0;4;5
3604.65;39.4;219.39;0.00003;0.0;4;5
3607.46;39.38;219.37;0.00003;0.0;4;5
3610.09;39.45;219.3;0.00003;0.0;4;5
3612.81;39.43;219.34;0.00003;0.0;4;5
3615.38;39.42;219.38;0.00003;0.0;4;5
3618.06;39.47;219.36;0.00003;0.0;4;5
3620.76;39.35;219.51;0.00003;0.0;4;5
3623.51;39.37;219.4;0.00003;0.0;4;5
3626.2;39.42;219.34;0.00003;0.0;4;5
3628.86;39.46;219.38;0.00003;0.0;4;5
3631.53;39.4;219.35;0.00003;0.0;4;5
3634.15;39.4;219.6;0.00002;0.0;4;5
3636.79;39.37;219.4;0.00002;0.0;4;5
3639.48;39.33;219.39;0.00002;0.0;4;5
3642.23;39.39;219.38;0.00002;0.0;4;5
3645.02;39.45;219.61;0.00002;0.0;4;5
3647.67;39.38;219.39;0.00002;0.0;4;5
3650.23;39.38;219.27;0.00002;0.0;4;5
3652.91;39.37;219.39;0.00002;0.0;4;5
3655.58;39.38;219.6;0.00002;0.0;4;5
3658.17;39.37;219.24;0.00002;0.0;4;5
3660.75;39.41;219.4;0.00002;0.0;4;5
3663.25;39.38;219.55;0.00002;0.0;4;5
3665.92;39.4;219.51;0.00002;0.0;4;5
3668.61;39.43;219.34;0.00002;0.0;4;5
3671.17;39.41;219.34;0.00002;0.0;4;5
3673.81;39.41;219.39;0.00002;0.0;4;5
3676.28;39.37;219.32;0.00002;0.0;4;5
3678.9;39.38;219.33;0.00002;0.0;4;5
3681.51;39.44;219.37;0.00002;0.0;4;5
3684.21;39.37;219.48;0.00002;0.0;4;5
3686.96;39.49;219.53;0.00002;0.0;4;5
3689.6;39.37;219.56;0.00002;0.0;4;5
3692.14;39.42;219.34;0.00002;0.0;4;5
3694.81;39.38;219.28;0.00002;0.0;4;5
3697.39;39.35;219.31;0.00002;0.0;4;5
3700.04;39.36;219.38;0.00002;0.0;4;5
3702.63;39.41;219.39;0.00002;0.0;4;5
3705.28;39.37;219.34;0.00002;0.0;4;5
3707.97;39.4;219.38;0.00002;0.0;4;5
3710.59;39.41;219.56;0.00002;0.0;4;5
3713.2;39.36;219.38;0.00002;0.0;4;5
3715.92;39.43;219.35;0.00002;0.0;4;5
3718.53;39.42;219.39;0.00002;0.0;4;5
3721.27;39.35;219.36;0.00002;0.0;4;5
3723.82;39.36;219.35;0.00002;0.0;4;5
3726.47;39.43;219.38;0.00002;0.0;4;5
3729.21;39.35;219.31;0.00002;0.0;4;5
3731.91;39.39;219.36;0.00002;0.0;4;5
3731.91;39.5;219.5;0.00002;0.0;4;5
3734.5;39.35;219.41;0.00002;0.0;4;5
3737.2;39.41;219.37;0.00002;0.0;4;5
3739.8;39.39;219.42;0.00002;0.0;4;5
3742.48;39.42;219.35;0.00002;0.0;4;5
3745.14;39.34;219.38;0.00002;0.0;4;5
3747.81;39.4;219.37;0.00002;0.0;4;5
3750.46;39.4;219.38;0.00002;0.0;4;5
3753.14;39.41;219.33;0.00002;0.0;4;5
3755.78;39.38;219.5;0.00002;0.0;4;5
3756.8;39.38;219.31;0.00002;0.0;4;5
3758.03;39.33;219.65;0.00002;0.0;4;5
3759.17;39.37;219.42;0.00002;0.0;4;5
3759.19;39.39;219.32;0.00002;0.0;4;5
3759.19;39.48;219.46;0.00002;0.0;4;5
3759.6;39.45;219.37;0.00003;0.0;4;5
3761.56;39.7;219.72;0.00003;0.0;4;5
3763.93;39.33;219.32;0.00003;0.0;4;5
3766.36;39.33;219.32;0.00003;0.0;4;5
3768.71;39.44;219.34;0.00003;0.0;4;5
3771.12;39.56;219.34;0.00002;0.0;5;5
3773.55;39.58;219.57;0.00002;0.0;5;5
3775.89;39.81;219.37;0.00002;0.0;5;5
3778.36;39.66;219.33;0.00002;0.0;5;5
3780.93;39.78;219.36;0.00002;0.0;5;5
3783.29;39.7;219.36;0.00002;0.0;5;5
3785.81;39.91;219.33;0.00002;0.0;5;5
3788.25;39.56;219.4;0.00002;0.0;5;5
3790.65;39.7;219.4;0.00002;0.0;5;5
3792.95;39.64;219.4;0.00002;0.0;5;5
3795.4;39.79;219.55;0.00002;0.0;5;5
3797.81;39.82;219.34;0.00002;0.0;5;5
3800.34;39.63;219.39;0.00002;0.0;5;5
3802.79;39.65;219.53;0.00002;0.0;5;5
3805.22;39.58;219.37;0.00002;0.0;5;5
3807.56;39.7;219.34;0.00002;0.0;5;5
3810.03;39.76;219.39;0.00002;0.0;5;5
3812.47;39.59;219.39;0.00002;0.0;5;5
3814.92;39.77;219.52;0.00002;0.0;5;5
3817.22;39.82;219.58;0.00002;0.0;5;5
3819.62;39.64;219.32;0.00002;0.0;5;5
3822.01;39.47;219.41;0.00002;0.0;5;5
3824.45;39.7;219.33;0.00002;0.0;5;5
3826.9;39.73;219.36;0.00002;0.0;5;5
3829.34;39.92;219.71;0.00002;0.0;5;5
3831.76;39.87;219.53;0.00002;0.0;5;5
3834.19;39.7;219.6;0.00002;0.0;5;5
3836.68;39.78;219.32;0.00002;0.0;5;5
3839.07;39.73;219.4;0.00002;0.0;5;5
3841.46;39.48;219.4;0.00002;0.0;5;5
3843.88;39.71;219.55;0.00002;0.0;5;5
3846.32;39.67;219.37;0.00002;0.0;5;5
3848.63;39.69;219.35;0.00002;0.0;5;5
3850.93;39.74;219.31;0.00002;0.0;5;5
3853.24;39.7;219.34;0.00002;0.0;5;5
3855.75;39.62;219.71;0.00002;0.0;5;5
3858.14;39.63;219.33;0.00002;0.0;5;5
3860.5;39.56;219.7;0.00002;0.0;5;5
3862.75;39.56;219.52;0.00002;0.0;5;5
3865.15;39.53;219.34;0.00002;0.0;5;5
3867.56;39.78;219.3;0.00002;0.0;5;5
3869.96;39.59;219.63;0.00002;0.0;5;5
3872.37;39.76;219.4;0.00002;0.0;5;5
3874.77;39.56;219.3;0.00002;0.0;5;5
3876.97;39.7;219.42;0.00002;0.0;5;5
3879.29;39.8;219.35;0.00002;0.0;5;5
3879.29;39.71;219.34;0.00002;0.0;5;5
3881.55;39.48;219.36;0.00002;0.0;5;5
3884.09;39.71;219.51;0.00002;0.0;5;5
3886.32;39.93;219.39;0.00002;0.0;5;5
3888.61;39.56;219.54;0.00002;0.0;5;5
3890.89;39.53;219.35;0.00002;0.0;5;5
3893.19;39.61;219.33;0.00002;0.0;5;5
3895.59;39.74;219.33;0.00002;0.0;5;5
3897.91;39.68;219.58;0.00002;0.0;5;5
3900.29;39.75;219.56;0.00002;0.0;5;5
3902.5;39.67;219.71;0.00002;0.0;5;5
3904.9;39.72;219.35;0.00002;0.0;5;5
3907.24;39.93;219.3;0.00002;0.0;5;5
3909.59;39.48;219.44;0.00002;0.0;5;5
3911.87;39.83;219.55;0.00002;0.0;5;5
3914.24;39.52;219.57;0.00002;0.0;5;5
3916.58;39.61;219.38;0.00002;0.0;5;5
3918.92;39.45;219.58;0.00002;0.0;5;5
3921.29;39.45;219.34;0.00002;0.0;5;5
3923.61;39.6;219.32;0.00002;0.0;5;5
3926.11;39.53;219.58;0.00002;0.0;5;5
3928.57;39.44;219.87;0.00002;0.0;5;5
3931.14;39.43;219.39;0.00002;0.0;5;5
3933.47;39.52;219.36;0.00002;0.0;5;5
3935.81;39.47;219.57;0.00002;0.0;5;5
3938.22;39.81;219.34;0.00002;0.0;5;5
3940.59;39.7;219.57;0.00002;0.0;5;5
3943.05;39.76;219.38;0.00002;0.0;5;5
3945.38;39.75;219.6;0.00002;0.0;5;5
3947.92;39.75;219.6;0.00002;0.0;5;5
3950.36;39.7;219.29;0.00002;0.0;5;5
3952.64;39.61;219.37;0.00002;0.0;5;5
3955.07;39.79;219.33;0.00002;0.0;5;5
3957.53;39.66;219.37;0.00002;0.0;5;5
3960.0;39.73;219.51;0.00002;0.0;5;5
3962.4;39.51;219.31;0.00002;0.0;5;5
3964.69;40.01;219.39;0.00002;0.0;5;5
3967.1;39.76;219.36;0.00002;0.0;5;5
3969.33;39.69;219.37;0.00002;0.0;5;5
3971.73;39.84;219.33;0.00002;0.0;5;5
3974.13;39.79;219.36;0.00002;0.0;5;5
3976.48;39.73;219.49;0.00002;0.0;5;5
3978.94;39.68;219.37;0.00002;0.0;5;5
3981.37;39.48;219.37;0.00002;0.0;5;5
3983.88;39.48;219.7;0.00002;0.0;5;5
3986.23;39.54;219.35;0.00002;0.0;5;5
3988.66;39.59;219.37;0.00002;0.0;5;5
3991.06;39.84;219.38;0.00002;0.0;5;5
3993.46;39.97;219.42;0.00002;0.0;5;5
3995.84;39.6;219.38;0.00002;0.0;5;5
3998.12;39.6;219.35;0.00002;0.0;5;5
4000.55;39.73;219.31;0.00002;0.0;5;5
4003.03;39.95;219.31;0.00002;0.0;5;5
4005.49;39.63;219.56;0.00002;0.0;5;5
4007.91;39.83;219.41;0.00002;0.0;5;5
4010.4;39.6;219.36;0.00002;0.0;5;5
4012.77;39.68;219.4;0.00002;0.0;5;5
4015.22;39.47;219.29;0.00002;0.0;5;5
4017.69;39.48;219.33;0.00002;0.0;5;5
4020.21;40.0;219.33;0.00002;0.0;5;5
4022.64;39.89;219.62;0.00002;0.0;5;5
4025.08;39.82;219.39;0.00002;0.0;5;5
4025.08;39.85;219.35;0.00002;0.0;5;5
4027.56;39.87;219.58;0.00002;0.0;5;5
4028.84;39.95;219.51;0.00002;0.0;5;5
4029.46;39.72;219.47;0.00002;0.0;5;5
4030.54;39.79;219.33;0.00002;0.0;5;5
4031.07;39.82;219.37;0.00002;0.0;5;5
4031.07;39.97;219.25;0.00002;0.0;5;5
4031.07;39.78;219.93;0.00002;0.0;5;5
4031.63;40.1;219.34;0.00002;0.0;5;5
4033.61;39.96;219.5;0.00002;0.0;5;5
4035.73;39.94;219.36;0.00002;0.0;5;5
4037.86;39.55;219.35;0.00002;0.0;5;5
4040.1;39.53;219.33;0.00002;0.0;5;6
4042.32;39.76;219.39;0.00002;0.0;5;6
4044.4;39.78;219.33;0.00002;0.0;5;6
4046.51;39.73;219.39;0.00002;0.0;5;6
4048.7;39.58;219.46;0.00002;0.0;5;6
4050.89;39.63;219.38;0.00002;0.0;5;6
4053.14;39.63;219.33;0.00002;0.0;5;6
4055.42;39.62;219.43;0.00002;0.0;5;6
4057.58;39.64;219.37;0.00002;0.0;5;6
4059.59;39.53;219.33;0.00002;0.0;5;6
4061.72;39.41;219.39;0.00002;0.0;5;6
4063.83;39.62;219.36;0.00002;0.0;5;6
4065.88;0.0;0.0;0.0;0.0;0;0
4068.06;40.01;219.38;0.00002;0.0;5;6
4070.22;39.63;219.38;0.00002;0.0;5;6
4072.38;39.77;219.49;0.00002;0.0;5;6
4074.69;39.63;219.39;0.00002;0.0;5;6
4076.85;39.55;219.32;0.00002;0.0;5;6
4079.0;39.84;219.45;0.00002;0.0;5;6
4081.17;40.07;219.41;0.00002;0.0;5;6
4083.3;39.67;219.46;0.00002;0.0;5;6
4085.51;39.73;219.39;0.00002;0.0;5;6
4087.65;39.75;219.47;0.00002;0.0;5;6
4089.88;39.74;219.51;0.00002;0.0;5;6
4092.09;39.93;219.3;0.00002;0.0;5;6
4094.21;39.58;219.38;0.00002;0.0;5;6
4096.36;39.73;219.38;0.00002;0.0;5;6
4098.58;39.73;219.38;0.00002;0.0;5;6
4100.72;39.75;219.47;0.00002;0.0;5;6
4102.93;39.53;219.34;0.00002;0.0;5;6
4105.21;39.66;219.59;0.00002;0.0;5;6
4107.47;39.69;219.55;0.00002;0.0;5;6
4109.63;39.76;219.34;0.00002;0.0;5;6
4111.84;39.83;219.53;0.00002;0.0;5;6
4114.07;39.62;219.48;0.00002;0.0;5;6
4116.23;39.87;219.34;0.00002;0.0;5;6
4118.43;39.84;219.36;0.00002;0.0;5;6
4120.6;39.7;219.33;0.00002;0.0;5;6
4122.64;39.58;219.37;0.00002;0.0;5;6
4124.76;39.69;219.39;0.00002;0.0;5;6
4126.73;39.8;219.37;0.00002;0.0;5;6
4129.04;39.65;219.51;0.00002;0.0;5;6
4131.11;39.8;219.35;0.00002;0.0;5;6
4133.35;39.68;219.49;0.00002;0.0;5;6
4135.38;39.54;219.53;0.00002;0.0;5;6
4137.67;39.53;219.3;0.00002;0.0;5;6
4139.84;39.72;219.54;0.00002;0.0;5;6
4141.9;39.63;219.45;0.00002;0.0;5;6
4144.03;39.65;219.31;0.00002;0.0;5;6
4146.2;39.63;219.38;0.00002;0.0;5;6
4148.36;39.95;219.34;0.00002;0.0;5;6
4150.49;39.73;219.4;0.00002;0.0;5;6
4152.68;39.85;219.27;0.00002;0.0;5;6
4152.68;39.64;219.51;0.00002;0.0;5;6
4154.87;39.48;219.4;0.00002;0.0;5;6
4157.03;39.48;219.37;0.00002;0.0;5;6
4159.17;39.7;219.33;0.00002;0.0;5;6
4161.29;39.75;219.4;0.00002;0.0;5;6
4163.46;39.71;219.61;0.00002;0.0;5;6
4165.57;39.84;219.36;0.00002;0.0;5;6
4167.64;39.75;219.65;0.00002;0.0;5;6
4169.68;39.99;219.46;0.00002;0.0;5;6
4171.81;39.65;219.34;0.00002;0.0;5;6
4173.95;39.77;219.5;0.00002;0.0;5;6
4176.03;39.82;219.5;0.00002;0.0;5;6
4178.32;39.66;219.34;0.00002;0.0;5;6
4180.43;39.5;219.34;0.00002;0.0;5;6
4182.56;39.91;219.47;0.00002;0.0;5;6
4184.6;39.89;219.38;0.00002;0.0;5;6
4186.79;39.81;219.35;0.00002;0.0;5;6
4188.99;39.79;219.54;0.00002;0.0;5;6
4191.14;39.68;219.36;0.00002;0.0;5;6
4193.34;39.57;219.39;0.00002;0.0;5;6
4195.48;39.66;219.34;0.00002;0.0;5;6
4197.72;39.58;219.33;0.00002;0.0;5;6
4199.88;39.61;219.37;0.00002;0.0;5;6
4201.98;39.6;219.33;0.00002;0.0;5;6
4204.22;39.57;219.34;0.00002;0.0;5;6
4206.42;39.79;219.38;0.00002;0.0;5;6
4208.64;39.6;219.4;0.00002;0.0;5;6
4210.78;39.68;219.4;0.00002;0.0;5;6
4212.82;39.63;219.48;0.00002;0.0;5;6
4214.96;39.96;219.36;0.00002;0.0;5;6
4217.11;39.84;219.52;0.00002;0.0;5;6
4219.19;39.67;219.34;0.00002;0.0;5;6
4221.33;39.76;219.39;0.00002;0.0;5;6
4223.54;39.43;219.28;0.00002;0.0;5;6
4225.74;39.72;219.35;0.00002;0.0;5;6
4227.71;39.71;219.36;0.00002;0.0;5;6
4229.76;39.59;219.5;0.00002;0.0;5;6
4231.82;39.72;219.39;0.00002;0.0;5;6
4233.8;39.67;219.34;0.00002;0.0;5;6
4235.8;39.59;219.51;0.00002;0.0;5;6
4237.76;39.7;219.56;0.00002;0.0;5;6
4239.67;40.16;219.37;0.00002;0.0;5;6
4241.65;39.47;219.39;0.00002;0.0;5;6
4243.68;39.76;219.34;0.00002;0.0;5;6
4245.58;39.95;219.41;0.00002;0.0;5;6
4247.56;39.95;219.38;0.00002;0.0;5;6
4249.47;39.76;219.37;0.00002;0.0;5;6
4251.51;39.66;219.36;0.00002;0.0;5;6
4253.63;39.99;219.36;0.00002;0.0;5;6
4255.75;39.63;219.38;0.00002;0.0;5;6
4257.75;39.52;219.35;0.00002;0.0;5;6
4259.77;39.89;219.5;0.00002;0.0;5;6
4261.72;39.63;219.53;0.00002;0.0;5;6
4263.7;39.66;219.35;0.00002;0.0;5;6
4265.61;39.66;219.35;0.00002;0.0;5;6
4267.49;39.95;219.53;0.00002;0.0;5;6
4268.65;39.85;219.5;0.00002;0.0;5;6
4268.65;40.19;219.66;0.00002;0.0;5;6
4268.82;39.74;219.37;0.00002;0.0;5;6
4269.65;39.77;219.41;0.00002;0.0;5;6
4269.93;39.42;219.39;0.00002;0.0;5;6
4269.94;39.44;219.33;0.00002;0.0;5;6
4269.94;39.45;219.51;0.00002;0.0;5;6
4269.94;39.48;219.56;0.00002;0.0;5;6
4270.1;39.44;219.5;0.00002;0.0;5;6
4271.29;40.04;219.54;0.00002;0.0;5;6
4273.0;39.48;219.59;0.00002;0.0;5;6
4274.56;39.46;219.39;0.00002;0.0;5;6
4276.22;40.21;219.7;0.0001;0.0;6;6
4277.87;40.32;219.5;0.00002;0.0;6;6
4279.55;39.94;219.39;0.00002;0.0;6;6
4281.42;40.03;219.6;0.00002;0.0;6;6
4282.96;39.94;219.39;0.00002;0.0;6;6
4284.77;40.09;219.4;0.00002;0.0;6;6
4286.43;40.02;219.37;0.00002;0.0;6;6
4288.2;39.83;219.46;0.00002;0.0;6;6
4289.83;40.01;219.78;0.00002;0.0;6;6
4291.49;40.06;219.37;0.00002;0.0;6;6
4293.09;39.85;219.55;0.00002;0.0;6;6
4294.72;39.94;219.34;0.00002;0.0;6;6
4296.36;39.87;219.82;0.00002;0.0;6;6
4297.97;39.91;219.34;0.00002;0.0;6;6
4299.58;39.97;219.39;0.00002;0.0;6;6
4301.26;39.72;219.34;0.00002;0.0;6;6
4302.93;39.82;219.36;0.00002;0.0;6;6
4304.61;39.77;219.44;0.00002;0.0;6;6
4306.2;39.8;219.43;0.00002;0.0;6;6
4307.92;39.88;219.38;0.00002;0.0;6;6
4309.54;39.87;219.7;0.00002;0.0;6;6
4311.27;40.18;219.51;0.00002;0.0;6;6
4312.99;39.98;219.49;0.00002;0.0;6;6
4314.75;39.79;219.38;0.00002;0.0;6;6
4316.63;39.76;219.38;0.00002;0.0;6;6
4318.55;39.8;219.4;0.00002;0.0;6;6
4320.17;39.95;219.48;0.00002;0.0;6;6
4321.98;39.92;219.88;0.00002;0.0;6;6
4323.7;40.06;219.5;0.00002;0.0;6;6
4325.66;39.99;219.38;0.00002;0.0;6;6
4327.29;0.0;0.0;0.0;0.0;0;0
4329.13;39.77;219.52;0.00002;0.0;6;6
4331.04;40.21;219.47;0.00002;0.0;6;6
4332.83;40.04;219.53;0.00002;0.0;6;6
4334.75;39.8;219.4;0.00002;0.0;6;6
4336.59;39.69;219.58;0.00002;0.0;6;6
4338.47;39.87;219.35;0.00002;0.0;6;6
4338.47;40.1;219.36;0.00002;0.0;6;6
4340.47;39.92;219.39;0.00002;0.0;6;6
4342.25;40.09;219.49;0.00002;0.0;6;6
4343.95;39.8;219.37;0.00002;0.0;6;6
4345.92;39.98;219.4;0.00002;0.0;6;6
4347.87;39.73;219.43;0.00002;0.0;6;6
4349.74;40.38;219.36;0.00002;0.0;6;6
4351.58;40.5;219.31;0.00002;0.0;6;6
4353.43;40.1;219.54;0.00002;0.0;6;6
4355.36;40.02;219.45;0.00002;0.0;6;6
4357.23;40.16;219.57;0.00002;0.0;6;6
4359.07;40.17;219.32;0.00002;0.0;6;6
4360.82;40.27;219.69;0.00002;0.0;6;6
4362.69;39.92;219.34;0.00002;0.0;6;6
4364.69;39.7;219.54;0.00002;0.0;6;6
4366.48;40.31;219.35;0.00002;0.0;6;6
4368.14;40.08;219.37;0.00002;0.0;6;6
4370.02;39.75;219.65;0.00002;0.0;6;6
4371.66;39.85;219.34;0.00002;0.0;6;6
4373.53;39.85;219.34;0.00002;0.0;6;6
4375.42;39.96;219.36;0.00002;0.0;6;6
4377.18;39.77;219.39;0.00002;0.0;6;6
4378.99;39.96;219.35;0.00002;0.0;6;6
4380.8;39.79;219.5;0.00002;0.0;6;6
4382.69;40.17;219.63;0.00002;0.0;6;6
4384.75;39.81;219.37;0.00002;0.0;6;6
4386.41;40.19;219.36;0.00002;0.0;6;6
4388.3;0.0;0.0;0.0;0.0;0;0
4390.25;39.92;219.37;0.00002;0.0;6;6
4392.14;39.85;219.55;0.00002;0.0;6;6
4393.8;40.18;219.82;0.00002;0.0;6;6
4395.77;40.05;219.35;0.00002;0.0;6;6
4397.76;39.82;219.35;0.00002;0.0;6;6
4399.42;40.6;219.48;0.00002;0.0;6;6
4401.33;40.09;219.41;0.00002;0.0;6;6
4403.15;39.81;219.33;0.00002;0.0;6;6
4405.0;40.13;219.49;0.00002;0.0;6;6
4406.86;40.14;219.54;0.00002;0.0;6;6
4408.47;39.8;219.37;0.00002;0.0;6;6
4410.28;39.85;219.4;0.00002;0.0;6;6
4412.2;40.03;219.47;0.00002;0.0;6;6
4414.14;0.0;0.0;0.0;0.0;0;0
4415.78;39.9;219.35;0.00002;0.0;6;6
4417.49;40.14;219.48;0.00002;0.0;6;6
4419.39;40.1;219.64;0.00002;0.0;6;6
4419.39;39.97;219.53;0.00002;0.0;6;6
4421.33;40.1;219.45;0.00002;0.0;6;6
4423.15;39.67;219.28;0.00002;0.0;6;6
4424.87;40.02;219.57;0.00002;0.0;6;6
4426.72;39.93;219.37;0.00002;0.0;6;6
4428.6;39.92;219.53;0.00002;0.0;6;6
4430.39;40.22;219.37;0.00002;0.0;6;6
4432.06;39.46;219.61;0.00002;0.0;6;6
4433.96;39.88;219.49;0.00002;0.0;6;6
4435.64;40.0;219.81;0.00002;0.0;6;6
4437.47;40.21;219.51;0.00002;0.0;6;6
4439.16;40.31;219.41;0.00002;0.0;6;6
4440.99;40.27;219.49;0.00002;0.0;6;6
4442.68;40.24;219.36;0.00002;0.0;6;6
4444.44;40.13;219.95;0.00002;0.0;6;6
4445.96;40.13;219.4;0.00002;0.0;6;6
4447.86;40.34;219.35;0.00002;0.0;6;6
4449.55;40.07;219.35;0.00002;0.0;6;6
4451.45;40.07;219.65;0.00002;0.0;6;6
4453.29;40.56;219.49;0.00002;0.0;6;6
4455.26;39.51;219.47;0.00002;0.0;6;6
4457.22;40.02;219.5;0.00002;0.0;6;6
4459.09;39.95;219.38;0.00002;0.0;6;6
4461.07;40.05;219.43;0.00002;0.0;6;6
4463.1;40.11;219.76;0.00002;0.0;6;6
4465.0;40.39;219.37;0.00002;0.0;6;6
4466.78;40.18;219.47;0.00002;0.0;6;6
4467.05;40.12;219.55;0.00002;0.0;6;6
4467.42;40.44;219.58;0.00002;0.0;6;6
4468.3;40.19;219.59;0.00002;0.0;6;6
4468.31;40.13;219.67;0.00002;0.0;6;6
4468.31;40.16;219.53;0.00002;0.0;6;6
4468.31;40.55;219.67;0.00002;0.0;6;6
4468.31;40.13;219.8;0.00002;0.0;6;6
4468.31;40.22;219.51;0.00002;0.0;6;6
4468.8;40.34;219.73;0.00002;0.0;6;6
4470.24;40.31;219.79;0.00002;0.0;6;6
4471.98;40.31;220.09;0.00002;0.0;6;6
4473.51;40.14;219.47;0.0001;0.0;6;6
4474.8;39.99;219.29;0.00002;0.0;6;7
4476.44;40.09;219.52;0.00002;0.0;6;7
4477.94;40.1;219.46;0.00002;0.0;6;7
4479.53;40.1;219.46;0.00002;0.0;6;7
4481.14;39.99;219.55;0.00002;0.0;6;7
4482.83;40.12;219.57;0.00002;0.0;6;7
4484.43;39.92;219.35;0.00002;0.0;6;7
4485.96;40.12;219.35;0.00002;0.0;6;7
4487.59;39.95;219.47;0.00002;0.0;6;7
4489.25;39.98;219.54;0.00002;0.0;6;7
4490.81;40.33;219.95;0.00002;0.0;6;7
4490.81;39.96;219.66;0.00002;0.0;6;7
4492.3;40.06;219.75;0.00002;0.0;6;7
4493.97;39.82;219.48;0.00002;0.0;6;7
4495.7;40.22;219.61;0.00002;0.0;6;7
4497.4;39.82;219.39;0.00002;0.0;6;7
4498.95;39.78;219.54;0.00002;0.0;6;7
4500.53;40.03;219.49;0.00002;0.0;6;7
4502.02;39.99;219.36;0.00002;0.0;6;7
4503.78;40.02;219.39;0.00002;0.0;6;7
4505.44;40.01;219.59;0.00002;0.0;6;7
4507.12;40.4;219.5;0.00002;0.0;6;7
4508.79;40.01;219.6;0.00002;0.0;6;7
4510.33;40.13;219.74;0.00002;0.0;6;7
4511.99;40.28;219.56;0.00002;0.0;6;7
4513.65;40.45;219.31;0.00002;0.0;6;7
4515.35;40.16;219.84;0.00002;0.0;6;7
4516.83;40.22;219.52;0.00002;0.0;6;7
4518.42;39.86;219.5;0.00002;0.0;6;7
4520.09;39.97;219.6;0.00002;0.0;6;7
4521.76;39.79;219.68;0.00002;0.0;6;7
4523.4;40.16;219.78;0.00002;0.0;6;7
4525.11;40.0;219.57;0.00002;0.0;6;7
4526.53;40.02;219.5;0.00002;0.0;6;7
4528.15;40.14;219.59;0.00002;0.0;6;7
4529.64;39.84;219.56;0.00002;0.0;6;7
4531.03;39.72;219.63;0.00002;0.0;6;7
4532.43;40.11;219.43;0.00002;0.0;6;7
4533.79;40.11;219.37;0.00002;0.0;6;7
4535.15;39.78;219.54;0.00002;0.0;6;7
4536.83;39.44;219.4;0.00002;0.0;6;7
4538.42;39.78;220.02;0.00002;0.0;6;7
4539.92;40.1;219.35;0.00002;0.0;6;7
4541.5;39.83;219.4;0.00002;0.0;6;7
4543.09;39.8;219.51;0.00002;0.0;6;7
4544.57;39.8;219.58;0.00002;0.0;6;7
4546.25;40.05;219.5;0.00002;0.0;6;7
4547.66;39.91;219.5;0.00002;0.0;6;7
4549.28;39.85;219.41;0.00002;0.0;6;7
4550.88;39.68;219.58;0.00002;0.0;6;7
4552.43;40.16;219.39;0.00002;0.0;6;7
4553.94;39.96;219.6;0.00002;0.0;6;7
4555.3;40.09;219.35;0.00002;0.0;6;7
4556.7;40.09;219.39;0.00002;0.0;6;7
4558.21;39.88;219.6;0.00002;0.0;6;7
4559.77;40.12;219.54;0.00002;0.0;6;7
4561.28;40.03;219.68;0.00002;0.0;6;7
4562.94;39.98;219.31;0.00002;0.0;6;7
4564.59;39.88;219.49;0.00002;0.0;6;7
4566.26;39.93;219.75;0.00002;0.0;6;7
4567.94;40.08;219.48;0.00002;0.0;6;7
4569.33;40.15;219.74;0.00002;0.0;6;7
4569.33;39.86;219.38;0.00002;0.0;6;7
4571.03;39.93;219.45;0.00002;0.0;6;7
4572.67;39.92;219.47;0.00002;0.0;6;7
4574.24;39.92;219.47;0.00002;0.0;6;7
4575.79;39.85;219.59;0.00002;0.0;6;7
4577.32;40.13;219.47;0.00002;0.0;6;7
4578.77;40.04;219.57;0.00002;0.0;6;7
4580.21;39.99;219.73;0.00002;0.0;6;7
4581.78;39.98;219.6;0.00002;0.0;6;7
4583.29;40.06;219.68;0.00002;0.0;6;7
4584.64;40.03;219.37;0.00002;0.0;6;7
4586.2;39.84;219.37;0.00002;0.0;6;7
4587.76;40.04;219.61;0.00002;0.0;6;7
4589.26;40.06;219.5;0.00002;0.0;6;7
4590.89;39.73;219.36;0.00002;0.0;6;7
4592.57;40.18;219.47;0.00002;0.0;6;7
4593.94;39.84;219.63;0.00002;0.0;6;7
4595.45;39.94;219.46;0.00002;0.0;6;7
4596.9;40.09;219.36;0.00002;0.0;6;7
4598.59;40.17;219.39;0.00002;0.0;6;7
4600.24;40.02;219.49;0.00002;0.0;6;7
4601.8;40.06;219.49;0.00002;0.0;6;7
4603.43;39.84;219.64;0.00002;0.0;6;7
4604.88;39.88;219.58;0.00002;0.0;6;7
4606.53;39.93;219.78;0.00002;0.0;6;7
4608.29;39.59;219.31;0.00002;0.0;6;7
4609.98;39.77;219.53;0.00002;0.0;6;7
4611.4;39.76;219.41;0.00002;0.0;6;7
4613.04;39.96;219.37;0.00002;0.0;6;7
4614.68;40.28;219.39;0.00002;0.0;6;7
4616.33;39.96;219.77;0.00002;0.0;6;7
4617.99;39.7;219.45;0.00002;0.0;6;7
4619.68;39.75;219.5;0.00002;0.0;6;7
4621.11;39.99;219.36;0.00002;0.0;6;7
4622.89;40.15;219.45;0.00002;0.0;6;7
4624.38;40.15;219.66;0.00002;0.0;6;7
4625.61;40.25;219.4;0.00002;0.0;6;7
4626.84;40.19;219.95;0.00002;0.0;6;7
4628.31;40.18;219.36;0.00002;0.0;6;7
4629.86;40.0;219.35;0.00002;0.0;6;7
4631.38;0.0;0.0;0.0;0.0;0;0
4632.86;39.61;219.37;0.00002;0.0;6;7
4634.42;40.1;219.88;0.00002;0.0;6;7
4635.85;40.47;219.41;0.00002;0.0;6;7
4637.15;40.28;219.24;0.00002;0.0;6;7
4638.45;40.05;219.48;0.00002;0.0;6;7
4638.48;40.05;220.18;0.00002;0.0;6;7
4639.06;39.9;219.53;0.00002;0.0;6;7
4639.39;40.34;219.47;0.00002;0.0;6;7
4639.39;40.4;219.5;0.00002;0.0;6;7
4639.41;40.23;219.45;0.00002;0.0;6;7
4639.41;39.77;219.85;0.00002;0.0;6;7
4639.41;39.65;219.77;0.00002;0.0;6;7
4639.41;39.43;219.73;0.00002;0.0;6;7
4639.41;39.55;219.64;0.00002;0.0;6;7
4639.44;0.0;0.0;0.0;0.0;0;0
4640.15;39.5;219.5;0.00002;0.0;6;7
4641.42;39.51;219.45;0.00002;0.0;6;7
4642.66;39.99;219.47;0.00008;0.0;7;7
4643.79;39.99;219.47;0.00002;0.0;7;7
4644.88;40.09;219.73;0.00002;0.0;7;7
4645.84;39.97;219.58;0.00002;0.0;7;7
4647.13;39.89;219.48;0.00002;0.0;7;7
4648.24;40.25;219.6;0.00002;0.0;7;7
4649.32;39.99;219.77;0.00002;0.0;7;7
4650.51;40.14;219.5;0.00002;0.0;7;7
4651.41;40.3;219.51;0.00002;0.0;7;7
4652.67;40.13;219.54;0.00002;0.0;7;7
4653.78;40.13;219.72;0.00002;0.0;7;7
4654.84;0.0;0.0;0.0;0.0;0;0
4655.93;40.07;219.53;0.00002;0.0;7;7
4656.88;40.35;219.72;0.00002;0.0;7;7
4657.88;40.25;219.24;0.00002;0.0;7;7
4658.99;40.01;219.73;0.00002;0.0;7;7
4660.11;0.0;0.0;0.0;0.0;0;0
4661.22;40.18;219.4;0.00002;0.0;7;7
4662.32;39.88;219.64;0.00002;0.0;7;7
4663.58;39.85;219.48;0.00002;0.0;7;7
4664.58;40.03;219.97;0.00002;0.0;7;7
4665.91;39.93;219.87;0.00002;0.0;7;7
4667.13;39.93;219.44;0.00002;0.0;7;7
4668.42;40.11;219.69;0.00002;0.0;7;7
4669.69;39.92;219.64;0.00002;0.0;7;7
4670.86;40.09;219.38;0.00002;0.0;7;7
4671.91;40.11;220.11;0.00002;0.0;7;7
4673.11;40.09;219.47;0.00002;0.0;7;7
4674.46;40.22;219.61;0.00002;0.0;7;7
4675.59;40.18;219.48;0.00002;0.0;7;7
4676.81;39.93;219.39;0.00002;0.0;7;7
4678.11;40.19;219.58;0.00002;0.0;7;7
4679.3;40.13;219.38;0.00002;0.0;7;7
4680.75;40.06;219.74;0.00002;0.0;7;7
4682.14;40.12;219.51;0.00002;0.0;7;7
4683.26;39.83;219.6;0.00002;0.0;7;7
4684.5;40.12;219.62;0.00002;0.0;7;7
4684.5;40.11;219.69;0.00002;0.0;7;7
4685.67;40.25;219.61;0.00002;0.0;7;7
4686.9;40.11;219.59;0.00002;0.0;7;7
4688.24;40.21;219.61;0.00002;0.0;7;7
4689.5;39.99;219.48;0.00002;0.0;7;7
4690.7;40.07;219.35;0.00002;0.0;7;7
4691.9;40.02;219.41;0.00002;0.0;7;7
4693.13;40.09;219.34;0.00002;0.0;7;7
4694.47;40.05;219.59;0.00002;0.0;7;7
4695.82;39.95;219.61;0.00002;0.0;7;7
4697.08;40.01;219.53;0.00002;0.0;7;7
4698.42;40.1;219.39;0.00002;0.0;7;7
4699.76;40.11;220.11;0.00002;0.0;7;7
4701.18;40.08;219.72;0.00002;0.0;7;7
4702.46;40.13;219.59;0.00002;0.0;7;7
4703.92;39.99;219.69;0.00002;0.0;7;7
4705.22;40.25;219.96;0.00002;0.0;7;7
4706.59;40.09;219.51;0.00002;0.0;7;7
4707.87;40.23;219.46;0.00002;0.0;7;7
4709.29;40.32;219.49;0.00002;0.0;7;7
4710.59;40.13;219.47;0.00002;0.0;7;7
4712.03;0.0;0.0;0.0;0.0;0;0
4713.29;40.5;219.82;0.00002;0.0;7;7
4714.49;0.0;0.0;0.0;0.0;0;0
4715.83;39.98;219.48;0.00002;0.0;7;7
4716.66;40.25;219.7;0.00002;0.0;7;7
4717.82;40.22;219.73;0.00002;0.0;7;7
4719.04;40.04;219.71;0.00002;0.0;7;7
4720.37;40.33;219.4;0.00002;0.0;7;7
4721.61;40.35;219.53;0.00002;0.0;7;7
4722.95;39.85;219.4;0.00002;0.0;7;7
4724.25;40.04;219.51;0.00002;0.0;7;7
4725.44;40.15;219.51;0.00002;0.0;7;7
4726.72;40.14;219.58;0.00002;0.0;7;7
4727.72;39.86;219.42;0.00002;0.0;7;7
4728.81;0.0;0.0;0.0;0.0;0;0
4729.82;40.04;219.86;0.00002;0.0;7;7
4730.89;39.9;219.39;0.00002;0.0;7;7
4731.97;40.13;219.58;0.00002;0.0;7;7
4733.06;39.94;219.37;0.00002;0.0;7;7
4734.21;40.28;219.69;0.00002;0.0;7;7
4735.46;40.19;219.95;0.00002;0.0;7;7
4736.76;40.15;219.31;0.00002;0.0;7;7
4738.08;40.06;219.54;0.00002;0.0;7;7
4738.08;40.14;219.56;0.00002;0.0;7;7
4739.24;40.18;219.51;0.00002;0.0;7;7
4740.29;40.05;219.76;0.00002;0.0;7;7
4741.5;40.23;219.33;0.00002;0.0;7;7
4742.66;40.25;219.48;0.00002;0.0;7;7
4743.9;40.23;219.49;0.00002;0.0;7;7
4745.03;40.12;219.4;0.00002;0.0;7;7
4746.03;40.22;219.48;0.00002;0.0;7;7
4747.12;40.1;219.31;0.00002;0.0;7;7
4748.19;40.46;219.36;0.00002;0.0;7;7
4749.32;40.42;219.38;0.00002;0.0;7;7
4750.44;40.09;219.37;0.00002;0.0;7;7
4751.81;39.93;219.48;0.00002;0.0;7;7
4753.08;40.07;219.62;0.00002;0.0;7;7
4754.38;40.16;219.37;0.00002;0.0;7;7
4755.66;40.24;219.44;0.00002;0.0;7;7
4756.82;40.25;219.61;0.00002;0.0;7;7
4758.21;40.14;219.44;0.00002;0.0;7;7
4759.78;40.16;219.52;0.00002;0.0;7;7
4761.24;40.06;219.41;0.00002;0.0;7;7
4762.58;40.29;220.15;0.00002;0.0;7;7
4763.77;40.2;219.91;0.00002;0.0;7;7
4765.16;40.05;219.41;0.00002;0.0;7;7
4766.61;40.1;219.31;0.00002;0.0;7;7
4768.14;40.0;219.47;0.00002;0.0;7;7
4769.46;40.13;219.52;0.00002;0.0;7;7
4770.82;40.18;219.63;0.00002;0.0;7;7
4771.02;40.17;219.9;0.00002;0.0;7;7
4771.22;40.24;219.84;0.00002;0.0;7;7
4771.61;40.25;219.52;0.00002;0.0;7;7
4771.61;40.33;219.39;0.00002;0.0;7;7
4771.62;40.13;219.35;0.00002;0.0;7;7
4771.62;40.19;220.13;0.00002;0.0;7;7
4771.62;40.3;219.39;0.00002;0.0;7;7
4771.62;40.06;219.56;0.00002;0.0;7;7
4771.62;40.06;219.56;0.00002;0.0;7;7
4771.62;40.17;220.14;0.00002;0.0;7;7
4771.86;39.98;219.7;0.00002;0.0;7;7
4772.5;0.0;0.0;0.0;0.0;0;0
4773.41;39.71;219.54;0.00002;0.0;7;7
4774.11;40.16;220.03;0.00002;0.0;7;7
4774.91;39.89;219.54;0.00008;0.0;7;8
4776.06;39.75;219.43;0.00002;0.0;7;8
4776.99;0.0;0.0;0.0;0.0;0;0
4776.99;40.11;219.65;0.00002;0.0;7;8
4778.1;40.22;219.8;0.00002;0.0;7;8
4779.03;40.11;219.36;0.00002;0.0;7;8
4780.05;40.19;219.47;0.00002;0.0;7;8
4781.14;40.29;219.72;0.00002;0.0;7;8
4782.23;39.98;219.46;0.00002;0.0;7;8
4783.33;40.25;219.71;0.00002;0.0;7;8
4784.01;39.91;219.6;0.00002;0.0;7;8
4784.86;40.12;219.57;0.00002;0.0;7;8
4785.7;39.98;219.78;0.00002;0.0;7;8
4786.71;40.38;219.92;0.00002;0.0;7;8
4787.63;40.19;219.35;0.00002;0.0;7;8
4788.55;40.2;219.49;0.00002;0.0;7;8
4789.39;40.03;219.42;0.00002;0.0;7;8
4790.46;0.0;0.0;0.0;0.0;0;0
4791.44;39.99;219.6;0.00002;0.0;7;8
4792.53;40.29;219.79;0.00002;0.0;7;8
4793.65;40.16;219.53;0.00002;0.0;7;8
4794.82;40.14;219.35;0.00002;0.0;7;8
4795.89;40.25;219.66;0.00002;0.0;7;8
4796.96;39.99;219.44;0.00002;0.0;7;8
4797.88;40.02;219.49;0.00002;0.0;7;8
4798.86;40.22;219.57;0.00002;0.0;7;8
4799.77;40.18;219.42;0.00002;0.0;7;8
4800.77;40.35;219.51;0.00002;0.0;7;8
4801.92;40.09;219.5;0.00002;0.0;7;8
4803.13;40.26;219.43;0.00002;0.0;7;8
4804.35;40.06;219.48;0.00002;0.0;7;8
4805.62;40.3;219.7;0.00002;0.0;7;8
4806.89;39.99;219.5;0.00002;0.0;7;8
4807.99;39.88;219.56;0.00002;0.0;7;8
4809.13;40.23;219.57;0.00002;0.0;7;8
4809.88;40.11;219.44;0.00002;0.0;7;8
4810.97;39.97;219.71;0.00002;0.0;7;8
4812.15;40.04;219.33;0.00002;0.0;7;8
4813.41;40.07;219.42;0.00002;0.0;7;8
4814.44;40.36;219.4;0.00002;0.0;7;8
4815.62;39.89;219.48;0.00002;0.0;7;8
4816.86;39.43;219.46;0.00002;0.0;7;8
4817.85;39.57;219.46;0.00002;0.0;7;8
4819.05;39.53;219.5;0.00003;0.0;7;8
4820.11;39.63;219.67;0.00003;0.0;7;8
4821.09;39.52;219.36;0.00003;0.0;7;8
4822.16;39.51;219.46;0.00003;0.0;7;8
4822.16;39.55;219.59;0.00002;0.0;7;8
4823.36;39.46;219.68;0.00002;0.0;7;8
4824.42;39.59;219.79;0.00002;0.0;7;8
4825.28;39.48;219.4;0.00002;0.0;7;8
4826.16;39.48;219.4;0.00002;0.0;7;8
4827.33;39.52;219.72;0.00002;0.0;7;8
4828.42;39.55;219.64;0.00002;0.0;7;8
4829.43;39.48;219.65;0.00002;0.0;7;8
4830.62;39.45;219.47;0.00002;0.0;7;8
4831.85;39.5;220.05;0.00002;0.0;7;8
4833.13;39.34;219.46;0.00003;0.0;7;8
4834.12;39.42;219.5;0.00003;0.0;7;8
4835.24;39.62;219.54;0.00003;0.0;7;8
4836.52;39.44;219.37;0.00003;0.0;7;8
4837.66;39.44;219.35;0.00003;0.0;7;8
4838.73;39.44;219.52;0.00003;0.0;7;8
4839.87;39.53;219.57;0.00003;0.0;7;8
4840.88;39.49;219.5;0.00003;0.0;7;8
4841.89;39.47;219.5;0.00003;0.0;7;8
4842.88;39.42;219.73;0.00003;0.0;7;8
4843.95;39.4;219.35;0.00003;0.0;7;8
4844.91;39.48;219.67;0.00003;0.0;7;8
4846.11;39.56;219.43;0.00003;0.0;7;8
4847.38;39.52;219.51;0.00003;0.0;7;8
4848.61;39.53;219.76;0.00003;0.0;7;8
4849.88;39.51;219.49;0.00003;0.0;7;8
4850.96;39.5;219.39;0.00003;0.0;7;8
4851.84;39.49;219.5;0.00002;0.0;7;8
4852.98;39.52;219.54;0.00002;0.0;7;8
4853.92;39.48;219.34;0.00002;0.0;7;8
4855.19;39.64;219.68;0.00002;0.0;7;8
4856.17;39.54;219.52;0.00002;0.0;7;8
4856.93;39.5;219.71;0.00002;0.0;7;8
4857.98;39.43;219.57;0.00002;0.0;7;8
4858.96;39.46;219.79;0.00002;0.0;7;8
4860.06;39.41;219.5;0.00002;0.0;7;8
4861.02;39.41;219.5;0.00002;0.0;7;8
4862.02;39.45;219.6;0.00002;0.0;7;8
4863.03;39.38;219.52;0.00002;0.0;7;8
4864.05;39.57;219.55;0.00003;0.0;7;8
4864.92;39.52;219.59;0.00003;0.0;7;8
4866.14;39.4;219.42;0.00003;0.0;7;8
4867.03;39.62;219.54;0.00003;0.0;7;8
4867.03;39.56;219.82;0.00003;0.0;7;8
4868.03;39.5;219.35;0.00003;0.0;7;8
4868.82;39.51;219.49;0.00003;0.0;7;8
4869.87;39.56;219.44;0.00003;0.0;7;8
4870.92;39.68;219.47;0.00003;0.0;7;8
4871.96;39.46;219.35;0.00003;0.0;7;8
4873.03;39.48;219.48;0.00003;0.0;7;8
4873.86;39.5;219.61;0.00003;0.0;7;8
4874.76;39.38;219.67;0.00003;0.0;7;8
4875.61;39.51;219.45;0.00003;0.0;7;8
4876.39;39.39;219.34;0.00002;0.0;7;8
4877.45;39.54;219.68;0.00002;0.0;7;8
4878.53;39.55;219.74;0.00003;0.0;7;8
4879.51;39.38;219.42;0.00003;0.0;7;8
4880.46;39.46;219.33;0.00003;0.0;7;8
4881.52;39.46;219.33;0.00003;0.0;7;8
4881.98;39.49;219.54;0.00003;0.0;7;8
4882.01;39.5;219.41;0.00002;0.0;7;8
4882.26;40.04;219.43;0.00002;0.0;7;8
4882.5;39.63;219.57;0.00003;0.0;7;8
4882.5;39.47;219.35;0.00003;0.0;7;8
4882.51;39.74;219.9;0.00003;0.0;7;8
4882.51;39.9;219.58;0.00003;0.0;7;8
4882.51;39.93;219.51;0.00003;0.0;7;8
4882.51;40.17;220.4;0.00003;0.0;7;8
4882.51;39.8;219.84;0.00003;0.0;7;8
4882.51;39.54;219.71;0.00003;0.0;7;8
4882.51;39.52;219.64;0.00003;0.0;7;8
4882.51;39.68;219.58;0.00003;0.0;7;8
4882.51;39.64;219.8;0.00003;0.0;7;8
4882.59;39.48;219.59;0.00003;0.0;7;8
4882.79;39.53;219.95;0.00003;0.0;7;8
4883.38;39.7;219.66;0.00003;0.0;7;8
4883.93;39.59;219.42;0.00007;0.0;8;8
4884.59;39.47;219.81;0.00002;0.0;8;8
4885.46;39.48;219.34;0.00002;0.0;8;8
4886.27;39.54;219.74;0.00002;0.0;8;8
4886.86;39.41;219.69;0.00002;0.0;8;8
4887.88;39.58;219.46;0.00002;0.0;8;8
4888.6;39.39;219.55;0.00002;0.0;8;8
4889.46;39.54;219.64;0.00002;0.0;8;8
4889.99;39.5;219.46;0.00002;0.0;8;8
4890.75;39.63;219.81;0.00002;0.0;8;8
4891.28;39.8;219.45;0.00002;0.0;8;8
4891.28;0.0;0.0;0.0;0.0;0;0
4892.01;39.68;219.39;0.00002;0.0;8;8
4892.66;39.53;219.6;0.00002;0.0;8;8
4893.23;39.59;219.45;0.00002;0.0;8;8
4894.05;39.61;219.61;0.00002;0.0;8;8
4894.89;39.51;219.77;0.00002;0.0;8;8
4895.74;39.54;219.81;0.00002;0.0;8;8
4896.5;39.45;219.4;0.00002;0.0;8;8
4897.29;39.48;219.6;0.00002;0.0;8;8
4898.41;39.55;219.62;0.00002;0.0;8;8
4899.23;39.57;220.02;0.00002;0.0;8;8
4900.09;39.53;219.93;0.00002;0.0;8;8
4900.83;39.52;219.67;0.00002;0.0;8;8
4901.64;39.58;219.67;0.00002;0.0;8;8
4902.29;39.43;219.34;0.00002;0.0;8;8
4903.22;39.43;219.47;0.00002;0.0;8;8
4903.84;39.48;219.53;0.00002;0.0;8;8
4904.66;39.65;219.69;0.00002;0.0;8;8
4905.43;39.48;219.5;0.00002;0.0;8;8
4906.13;39.49;219.62;0.00002;0.0;8;8
4906.88;39.47;219.63;0.00002;0.0;8;8
4907.65;39.47;219.81;0.00002;0.0;8;8
4908.5;39.47;219.81;0.00002;0.0;8;8
4909.17;39.47;219.66;0.00002;0.0;8;8
4909.93;39.5;219.57;0.00002;0.0;8;8
4910.72;39.43;219.42;0.00002;0.0;8;8
4911.38;0.0;0.0;0.0;0.0;0;0
4912.16;39.58;219.44;0.00002;0.0;8;8
4913.13;39.59;219.47;0.00002;0.0;8;8
4913.99;39.6;219.62;0.00002;0.0;8;8
4914.8;0.0;0.0;0.0;0.0;0;0
4915.76;39.37;219.64;0.00002;0.0;8;8
4916.61;39.45;219.8;0.00002;0.0;8;8
4917.34;39.63;219.57;0.00002;0.0;8;8
4918.12;39.57;219.84;0.00002;0.0;8;8
4919.0;39.52;219.52;0.00002;0.0;8;8
4919.55;39.63;219.9;0.00002;0.0;8;8
4920.23;39.52;219.77;0.00002;0.0;8;8
4920.85;39.62;219.47;0.00002;0.0;8;8
4921.73;39.52;219.76;0.00002;0.0;8;8
4922.47;39.56;219.52;0.00002;0.0;8;8
4923.31;39.46;219.55;0.00002;0.0;8;8
4924.09;39.56;219.44;0.00002;0.0;8;8
4924.83;39.45;219.8;0.00002;0.0;8;8
4925.46;39.53;219.57;0.00002;0.0;8;8
4926.16;39.59;219.88;0.00002;0.0;8;8
4926.97;39.69;219.59;0.00002;0.0;8;8
4926.97;0.0;0.0;0.0;0.0;0;0
4927.7;39.6;219.32;0.00002;0.0;8;8
4928.42;39.47;219.57;0.00002;0.0;8;8
4929.26;39.55;219.64;0.00002;0.0;8;8
4930.08;39.38;219.52;0.00002;0.0;8;8
4931.0;39.48;219.49;0.00002;0.0;8;8
4931.91;39.56;219.41;0.00002;0.0;8;8
4932.69;39.64;219.44;0.00002;0.0;8;8
4933.27;39.64;219.5;0.00002;0.0;8;8
4934.05;39.57;219.61;0.00002;0.0;8;8
4934.86;39.51;219.88;0.00002;0.0;8;8
4935.53;39.63;219.35;0.00002;0.0;8;8
4936.44;0.0;0.0;0.0;0.0;0;0
4937.41;39.67;219.49;0.00002;0.0;8;8
4938.13;39.47;219.7;0.00002;0.0;8;8
4938.87;39.6;219.45;0.00002;0.0;8;8
4939.51;39.6;219.93;0.00002;0.0;8;8
4940.46;39.61;219.45;0.00002;0.0;8;8
4941.26;39.5;219.38;0.00002;0.0;8;8
4942.15;39.51;219.47;0.00002;0.0;8;8
4943.01;39.59;219.58;0.00002;0.0;8;8
4943.79;39.57;219.66;0.00002;0.0;8;8
4944.38;39.6;219.75;0.00002;0.0;8;8
4945.19;39.51;219.57;0.00002;0.0;8;8
4946.15;39.51;219.57;0.00002;0.0;8;8
4946.96;39.57;219.34;0.00002;0.0;8;8
4947.73;39.54;219.37;0.00002;0.0;8;8
4948.55;39.66;219.8;0.00002;0.0;8;8
4949.33;39.57;219.99;0.00002;0.0;8;8
4950.07;39.49;219.68;0.00002;0.0;8;8
4950.89;39.42;219.63;0.00002;0.0;8;8
4951.69;39.41;219.57;0.00002;0.0;8;8
4952.27;39.71;219.68;0.00002;0.0;8;8
4953.02;39.69;219.48;0.00002;0.0;8;8
4953.69;39.66;219.32;0.00002;0.0;8;8
4954.44;39.65;219.84;0.00002;0.0;8;8
4955.29;39.55;219.35;0.00002;0.0;8;8
4955.96;39.56;219.66;0.00002;0.0;8;8
4956.71;39.64;219.59;0.00002;0.0;8;8
4957.56;39.57;219.55;0.00002;0.0;8;8
4958.29;39.52;219.44;0.00002;0.0;8;8
4959.0;39.59;219.68;0.00002;0.0;8;8
4959.88;39.61;219.67;0.00002;0.0;8;8
4959.88;39.51;219.58;0.00002;0.0;8;8
4960.73;39.73;219.49;0.00002;0.0;8;8
4961.27;39.83;220.22;0.00002;0.0;8;8
4961.27;39.56;219.68;0.00002;0.0;8;8
4961.29;39.82;219.72;0.00002;0.0;8;8
4961.39;39.53;219.74;0.00003;0.0;8;8
4961.4;39.51;219.59;0.00003;0.0;8;8
4961.41;39.47;219.57;0.00002;0.0;8;8
4961.41;39.48;219.35;0.00002;0.0;8;8
4961.41;39.56;219.46;0.00003;0.0;8;8
4961.41;39.52;219.58;0.00003;0.0;8;8
4961.41;39.57;219.68;0.00003;0.0;8;8
4961.41;39.49;219.54;0.00003;0.0;8;8
4961.41;39.59;219.68;0.00003;0.0;8;8
4961.41;39.53;219.58;0.00003;0.0;8;8
4961.41;39.55;219.59;0.00003;0.0;8;8
4961.41;39.51;219.56;0.00003;0.0;8;8
4961.42;39.52;219.48;0.00003;0.0;8;8
4961.6;39.42;219.56;0.00003;0.0;8;8
4961.82;39.88;219.6;0.00003;0.0;8;8
4962.45;39.5;219.56;0.00007;0.0;8;9
4962.87;39.53;219.97;0.00003;0.0;8;9
4963.26;39.45;219.51;0.00003;0.0;8;9
4963.84;39.52;219.42;0.00003;0.0;8;9
4964.44;39.54;219.85;0.00003;0.0;8;9
4965.0;39.48;219.73;0.00003;0.0;8;9
4965.54;39.51;219.46;0.00003;0.0;8;9
4966.1;39.58;219.51;0.00003;0.0;8;9
4966.82;39.59;219.43;0.00003;0.0;8;9
4967.38;39.59;219.73;0.00003;0.0;8;9
4968.04;39.42;219.41;0.00003;0.0;8;9
4968.6;39.42;219.41;0.00003;0.0;8;9
4969.16;39.55;219.76;0.00003;0.0;8;9
4969.82;39.45;219.55;0.00003;0.0;8;9
4970.34;39.58;219.53;0.00003;0.0;8;9
4971.01;39.44;219.45;0.00003;0.0;8;9
4971.62;39.58;219.67;0.00003;0.0;8;9
4972.22;39.5;219.46;0.00003;0.0;8;9
4972.66;39.48;219.77;0.00003;0.0;8;9
4973.38;39.5;219.7;0.00003;0.0;8;9
4974.1;39.71;219.52;0.00003;0.0;8;9
4974.73;39.48;219.33;0.00003;0.0;8;9
4975.39;39.46;219.43;0.00003;0.0;8;9
4975.98;39.47;219.47;0.00003;0.0;8;9
4976.48;39.52;219.57;0.00003;0.0;8;9
4976.48;39.48;219.38;0.00003;0.0;8;9
4977.05;39.49;219.54;0.00003;0.0;8;9
4977.64;39.43;219.64;0.00003;0.0;8;9
4978.33;39.43;219.32;0.00003;0.0;8;9
4978.95;39.58;219.83;0.00003;0.0;8;9
4979.41;39.42;219.5;0.00003;0.0;8;9
4979.99;39.55;219.38;0.00003;0.0;8;9
4980.52;39.48;219.72;0.00003;0.0;8;9
4981.18;39.51;219.48;0.00003;0.0;8;9
4981.8;39.5;219.63;0.00003;0.0;8;9
4982.24;39.5;219.61;0.00003;0.0;8;9
4982.76;39.72;219.67;0.00003;0.0;8;9
4983.13;39.51;219.48;0.00003;0.0;8;9
4983.57;39.51;219.34;0.00003;0.0;8;9
4984.01;39.5;219.54;0.00003;0.0;8;9
4984.4;39.51;219.63;0.00003;0.0;8;9
4984.89;39.59;219.67;0.00003;0.0;8;9
4985.26;39.52;219.57;0.00003;0.0;8;9
4985.73;39.56;219.64;0.00003;0.0;8;9
4986.28;39.5;219.72;0.00003;0.0;8;9
4986.87;39.49;219.58;0.00003;0.0;8;9
4987.4;39.45;219.5;0.00003;0.0;8;9
4987.88;39.57;219.65;0.00003;0.0;8;9
4988.41;39.47;219.65;0.00003;0.0;8;9
4988.8;39.48;219.47;0.00003;0.0;8;9
4989.38;39.48;219.45;0.00003;0.0;8;9
4989.81;39.5;219.6;0.00003;0.0;8;9
4990.28;39.59;219.6;0.00003;0.0;8;9
4990.71;39.45;219.59;0.00003;0.0;8;9
4991.32;39.61;219.52;0.00003;0.0;8;9
4991.87;39.37;219.34;0.00003;0.0;8;9
4992.37;39.49;219.58;0.00003;0.0;8;9
4993.03;39.64;219.48;0.00003;0.0;8;9
4993.65;39.47;219.44;0.00003;0.0;8;9
4994.21;39.49;219.38;0.00003;0.0;8;9
4994.91;39.42;219.35;0.00003;0.0;8;9
4995.54;39.42;219.35;0.00003;0.0;8;9
4996.23;39.48;219.49;0.00003;0.0;8;9
4996.75;39.56;219.64;0.00003;0.0;8;9
4997.41;39.6;219.38;0.00003;0.0;8;9
4997.41;39.45;219.37;0.00003;0.0;8;9
4997.89;39.4;219.52;0.00003;0.0;8;9
4998.56;39.53;219.43;0.00003;0.0;8;9
4999.19;39.64;219.66;0.00003;0.0;8;9
4999.77;39.48;219.51;0.00003;0.0;8;9
5000.39;39.49;219.48;0.00003;0.0;8;9
5001.07;39.43;219.38;0.00003;0.0;8;9
5001.59;39.61;219.64;0.00003;0.0;8;9
5002.03;39.51;219.45;0.00003;0.0;8;9
5002.59;39.6;219.48;0.00003;0.0;8;9
5003.3;39.44;219.42;0.00003;0.0;8;9
5003.89;39.45;219.83;0.00003;0.0;8;9
5004.49;39.54;219.47;0.00003;0.0;8;9
5005.01;39.52;219.74;0.00003;0.0;8;9
5005.57;39.37;219.56;0.00003;0.0;8;9
5006.11;39.59;219.52;0.00003;0.0;8;9
5006.49;39.38;219.62;0.00003;0.0;8;9
5006.88;0.0;0.0;0.0;0.0;0;0
5007.38;39.49;219.72;0.00003;0.0;8;9
5007.74;39.48;219.61;0.00003;0.0;8;9
5008.02;39.41;219.4;0.00003;0.0;8;9
5008.48;39.4;219.37;0.00003;0.0;8;9
5009.23;39.44;219.51;0.00003;0.0;8;9
5009.72;39.43;219.62;0.00003;0.0;8;9
5010.36;39.4;219.47;0.00003;0.0;8;9
5010.91;39.5;219.73;0.00003;0.0;8;9
5011.49;39.41;219.57;0.00003;0.0;8;9
5012.09;39.45;219.73;0.00003;0.0;8;9
5012.73;39.57;219.91;0.00003;0.0;8;9
5013.21;39.46;219.31;0.00003;0.0;8;9
5013.74;39.48;219.65;0.00003;0.0;8;9
5014.26;39.45;219.69;0.00003;0.0;8;9
5014.88;39.38;219.34;0.00003;0.0;8;9
5015.64;39.54;219.42;0.00003;0.0;8;9
5016.3;39.49;219.54;0.00003;0.0;8;9
5016.85;39.47;219.59;0.00003;0.0;8;9
5017.46;39.42;219.39;0.00003;0.0;8;9
5017.46;39.49;219.63;0.00003;0.0;8;9
5017.46;39.5;219.69;0.00003;0.0;8;9
5017.48;39.48;219.57;0.00003;0.0;8;9
5017.59;39.51;219.46;0.00003;0.0;8;9
5017.59;39.49;219.44;0.00003;0.0;8;9
5017.59;39.52;219.33;0.00003;0.0;8;9
5017.59;39.61;219.63;0.00003;0.0;8;9
5017.59;39.61;219.63;0.00003;0.0;8;9
5017.59;39.53;219.61;0.00003;0.0;8;9
5017.59;39.55;219.59;0.00003;0.0;8;9
5017.59;39.54;219.53;0.00003;0.0;8;9
5017.59;39.52;219.61;0.00003;0.0;8;9
5017.59;39.56;220.16;0.00003;0.0;8;9
5017.59;39.52;219.5;0.00003;0.0;8;9
5017.59;39.52;219.43;0.00003;0.0;8;9
5017.59;39.55;219.43;0.00003;0.0;8;9
5017.59;39.49;219.77;0.00003;0.0;8;9
5017.59;39.62;219.55;0.00003;0.0;8;9
5017.59;39.78;219.44;0.00003;0.0;8;9
5017.59;40.02;219.53;0.00003;0.0;8;9
5017.59;39.95;219.52;0.00003;0.0;8;9
5017.59;39.76;219.84;0.00003;0.0;8;9
5017.62;39.75;219.94;0.00003;0.0;8;9
5017.74;39.83;219.68;0.00003;0.0;8;9
5017.83;39.64;219.57;0.00003;0.0;8;9
5018.04;39.93;220.36;0.00003;0.0;8;9
5018.33;40.09;219.94;0.00007;0.0;8;9
5018.67;40.53;219.83;0.00002;0.0;9;9
5018.84;39.73;219.83;0.00002;0.0;9;9
5019.16;40.22;219.4;0.00002;0.0;9;9
5019.32;40.29;219.36;0.00002;0.0;9;9
5019.47;40.27;219.53;0.00002;0.0;9;9
5019.68;40.07;219.71;0.00002;0.0;9;9
5020.03;40.3;219.86;0.00002;0.0;9;9
5020.27;40.35;219.71;0.00002;0.0;9;9
5020.53;40.05;219.46;0.00002;0.0;9;9
5020.74;40.21;219.52;0.00002;0.0;9;9
5021.04;40.3;219.49;0.00002;0.0;9;9
5021.21;39.96;219.53;0.00002;0.0;9;9
5021.64;40.2;219.56;0.00002;0.0;9;9
5022.01;40.18;219.52;0.00002;0.0;9;9
5022.3;40.05;219.48;0.00002;0.0;9;9
5022.56;40.12;219.66;0.00003;0.0;9;9
5022.69;40.25;219.48;0.00003;0.0;9;9
5023.03;40.33;219.67;0.00003;0.0;9;9
5023.55;40.31;219.63;0.00003;0.0;9;9
5023.94;40.12;219.74;0.00003;0.0;9;9
5024.27;40.33;219.87;0.00003;0.0;9;9
5024.77;40.24;219.57;0.00003;0.0;9;9
5024.92;39.99;219.55;0.00003;0.0;9;9
5025.11;40.18;219.4;0.00003;0.0;9;9
5025.31;40.09;219.56;0.00002;0.0;9;9
5025.31;40.22;219.76;0.00002;0.0;9;9
5025.56;40.1;219.66;0.00002;0.0;9;9
5025.98;40.39;219.67;0.00002;0.0;9;9
5026.09;40.39;219.67;0.00002;0.0;9;9
5026.18;40.08;219.55;0.00002;0.0;9;9
5026.36;40.09;219.39;0.00002;0.0;9;9
5026.54;40.67;219.74;0.00003;0.0;9;9
5026.83;40.29;219.77;0.00003;0.0;9;9
5027.04;40.21;219.77;0.00002;0.0;9;9
5027.33;40.31;219.31;0.00003;0.0;9;9
5027.61;40.12;219.83;0.00003;0.0;9;9
5027.98;40.54;219.36;0.00003;0.0;9;9
5028.32;40.11;219.64;0.00003;0.0;9;9
5028.62;40.01;219.94;0.00003;0.0;9;9
5028.82;40.12;219.88;0.00003;0.0;9;9
5028.98;39.97;219.58;0.00003;0.0;9;9
5029.43;40.27;219.56;0.00003;0.0;9;9
5029.66;40.09;219.65;0.00003;0.0;9;9
5030.01;40.03;219.75;0.00003;0.0;9;9
5030.41;39.81;219.58;0.00003;0.0;9;9
5030.64;40.18;219.61;0.00003;0.0;9;9
5030.89;39.83;219.78;0.00003;0.0;9;9
5031.25;40.12;219.69;0.00003;0.0;9;9
5031.66;39.77;219.62;0.00003;0.0;9;9
5031.92;39.88;219.51;0.00003;0.0;9;9
5032.29;39.89;219.59;0.00003;0.0;9;9
5032.62;39.8;219.38;0.00003;0.0;9;9
5032.79;39.82;219.68;0.00003;0.0;9;9
5033.15;39.66;219.88;0.00003;0.0;9;9
5033.5;39.92;219.54;0.00003;0.0;9;9
5033.79;40.2;219.7;0.00003;0.0;9;9
5034.05;39.96;219.75;0.00003;0.0;9;9
5034.4;40.06;219.81;0.00003;0.0;9;9
5034.71;39.87;220.03;0.00003;0.0;9;9
5035.24;39.89;220.05;0.00003;0.0;9;9
5035.38;39.79;219.4;0.00003;0.0;9;9
5035.38;39.86;219.64;0.00003;0.0;9;9
5035.58;39.84;219.49;0.00003;0.0;9;9
5035.7;40.07;219.44;0.00003;0.0;9;9
5035.97;40.05;219.78;0.00003;0.0;9;9
5036.23;39.82;219.76;0.00003;0.0;9;9
5036.48;39.95;219.54;0.00003;0.0;9;9
5036.69;39.84;219.54;0.00003;0.0;9;9
5036.84;39.96;219.58;0.00003;0.0;9;9
5037.15;39.96;219.57;0.00003;0.0;9;9
5037.3;39.83;219.89;0.00003;0.0;9;9
5037.65;39.98;220.04;0.00003;0.0;9;9
5037.82;39.98;220.04;0.00003;0.0;9;9
5038.09;39.98;219.58;0.00003;0.0;9;9
5038.41;39.86;219.84;0.00003;0.0;9;9
5038.65;40.07;219.48;0.00003;0.0;9;9
5038.8;40.1;219.73;0.00003;0.0;9;9
5039.08;39.86;219.92;0.00003;0.0;9;9
5039.34;40.22;219.68;0.00003;0.0;9;9
5039.76;40.02;219.7;0.00003;0.0;9;9
5040.09;39.84;219.52;0.00003;0.0;9;9
5040.24;40.05;219.74;0.00003;0.0;9;9
5040.51;39.95;219.64;0.00003;0.0;9;9
5040.8;39.8;219.87;0.00003;0.0;9;9
5041.24;39.83;219.66;0.00003;0.0;9;9
5041.43;40.09;219.75;0.00003;0.0;9;9
5041.64;39.8;219.79;0.00003;0.0;9;9
5041.94;39.93;219.59;0.00003;0.0;9;9
5042.48;39.93;219.76;0.00003;0.0;9;9
5042.84;40.17;219.46;0.00003;0.0;9;9
5043.11;39.68;219.5;0.00003;0.0;9;9
5043.31;39.98;219.72;0.00003;0.0;9;9
5043.64;39.98;219.66;0.00003;0.0;9;9
5043.67;40.31;219.49;0.00003;0.0;9;9
5043.67;39.97;219.7;0.00003;0.0;9;9
5043.67;40.61;220.5;0.00003;0.0;9;9
5043.67;40.04;219.86;0.00003;0.0;9;9
5043.67;39.74;219.36;0.00003;0.0;9;9
5043.67;39.79;219.45;0.00003;0.0;9;9
5043.67;40.13;219.79;0.00003;0.0;9;9
5043.67;39.88;219.96;0.00003;0.0;9;9
5043.68;40.04;219.64;0.00003;0.0;9;9
5043.68;39.99;219.48;0.00003;0.0;9;9
5043.68;39.68;219.68;0.00003;0.0;9;9
5043.68;40.06;219.84;0.00003;0.0;9;9
5043.68;40.1;220.09;0.00003;0.0;9;9
5043.68;39.97;219.56;0.00003;0.0;9;9
5043.68;39.81;219.51;0.00003;0.0;9;9
5043.68;40.08;220.07;0.00003;0.0;9;9
5043.68;39.87;219.55;0.00003;0.0;9;9
5043.68;39.81;220.02;0.00003;0.0;9;9
5043.68;39.67;219.99;0.00003;0.0;9;9
5043.68;39.75;219.68;0.00003;0.0;9;9
5043.68;39.65;219.54;0.00003;0.0;9;9
5043.68;39.62;219.84;0.00003;0.0;9;9
5043.68;39.67;219.63;0.00003;0.0;9;9
5043.68;39.65;219.49;0.00003;0.0;9;9
5043.68;39.55;219.86;0.00003;0.0;9;9
5043.68;39.55;219.86;0.00003;0.0;9;9
5043.68;39.59;220.0;0.00003;0.0;9;9
5043.68;39.46;219.36;0.00003;0.0;9;9
5043.68;39.56;220.09;0.00003;0.0;9;9
5043.68;39.49;219.34;0.00003;0.0;9;9
5043.68;39.66;219.68;0.00003;0.0;9;9
5043.68;39.64;219.39;0.00003;0.0;9;9
5043.68;39.53;219.44;0.00003;0.0;9;9
5043.68;39.77;219.47;0.00003;0.0;9;9
5043.68;39.59;219.4;0.00003;0.0;9;9
5043.68;39.58;219.69;0.00003;0.0;9;9
5043.69;39.64;219.44;0.00003;0.0;9;9
5043.7;39.71;219.83;0.00003;0.0;9;9
5043.71;39.65;220.05;0.00003;0.0;9;9
5043.73;39.51;219.85;0.00007;0.0;9;9
5043.76;39.6;220.22;0.00003;0.0;9;10
5043.81;39.52;219.71;0.00003;0.0;9;10
5043.86;39.45;220.69;0.00003;0.0;9;10
5043.88;39.51;220.18;0.00003;0.0;9;10
5043.88;39.51;220.12;0.00003;0.0;9;10
5043.89;39.64;220.23;0.00003;0.0;9;10
5043.89;39.57;219.93;0.00003;0.0;9;10
5043.94;39.5;219.77;0.00003;0.0;9;10
5043.96;39.55;219.98;0.00003;0.0;9;10
5044.02;39.6;219.97;0.00003;0.0;9;10
5044.13;39.43;219.38;0.00003;0.0;9;10
5044.21;39.63;219.88;0.00003;0.0;9;10
5044.37;39.75;219.53;0.00003;0.0;9;10
5044.64;39.51;219.59;0.00003;0.0;9;10
5044.91;39.52;219.42;0.00003;0.0;9;10
5044.99;39.57;219.36;0.00003;0.0;9;10
5045.16;39.46;219.83;0.00003;0.0;9;10
5045.29;39.5;219.64;0.00003;0.0;9;10
5045.36;39.58;219.55;0.00003;0.0;9;10
5045.46;39.61;219.52;0.00003;0.0;9;10
5045.6;39.54;219.47;0.00003;0.0;9;10
5045.71;39.5;219.45;0.00003;0.0;9;10
5045.76;39.5;219.71;0.00003;0.0;9;10
5045.85;39.42;219.61;0.00003;0.0;9;10
5046.03;39.55;220.04;0.00003;0.0;9;10
5046.23;39.46;219.51;0.00003;0.0;9;10
5046.29;39.42;219.61;0.00003;0.0;9;10
5046.46;39.42;219.61;0.00003;0.0;9;10
5046.67;39.54;219.66;0.00003;0.0;9;10
5046.78;39.46;219.54;0.00003;0.0;9;10
5046.9;39.47;219.45;0.00003;0.0;9;10
5047.05;39.6;219.54;0.00003;0.0;9;10
5047.23;39.58;219.7;0.00003;0.0;9;10
5047.33;39.5;219.4;0.00003;0.0;9;10
5047.4;39.48;219.45;0.00003;0.0;9;10
5047.49;39.51;219.69;0.00003;0.0;9;10
5047.72;39.54;219.96;0.00003;0.0;9;10
5048.01;39.5;219.47;0.00003;0.0;9;10
5048.04;39.5;219.53;0.00003;0.0;9;10
5048.26;39.6;219.71;0.00003;0.0;9;10
5048.35;39.67;219.65;0.00003;0.0;9;10
5048.47;39.53;219.51;0.00003;0.0;9;10
5048.49;39.51;219.51;0.00003;0.0;9;10
5048.55;39.52;219.36;0.00003;0.0;9;10
5048.55;39.52;219.55;0.00003;0.0;9;10
5048.62;39.62;219.31;0.00003;0.0;9;10
5048.78;39.52;219.4;0.00003;0.0;9;10
5048.98;39.58;219.49;0.00003;0.0;9;10
5049.15;39.59;219.6;0.00003;0.0;9;10
5049.19;39.56;219.56;0.00003;0.0;9;10
5049.32;39.53;219.58;0.00003;0.0;9;10
5049.44;39.59;219.61;0.00003;0.0;9;10
5049.76;39.48;219.52;0.00003;0.0;9;10
5049.93;39.53;219.44;0.00003;0.0;9;10
5050.22;39.59;219.45;0.00003;0.0;9;10
5050.37;39.51;219.53;0.00003;0.0;9;10
5050.37;39.53;219.61;0.00003;0.0;9;10
5050.52;39.51;219.54;0.00003;0.0;9;10
5050.7;39.46;219.77;0.00003;0.0;9;10
5050.75;39.54;219.44;0.00003;0.0;9;10
5050.82;39.51;219.73;0.00003;0.0;9;10
5050.85;39.49;219.52;0.00003;0.0;9;10
5050.93;39.61;219.34;0.00003;0.0;9;10
5051.02;39.52;219.61;0.00003;0.0;9;10
5051.16;39.58;219.51;0.00003;0.0;9;10
5051.39;39.54;219.52;0.00003;0.0;9;10
5051.45;39.66;219.45;0.00003;0.0;9;10
5051.6;39.51;219.79;0.00003;0.0;9;10
5051.68;39.63;219.63;0.00003;0.0;9;10
5051.79;39.63;219.56;0.00003;0.0;9;10
5051.92;39.58;219.86;0.00003;0.0;9;10
5051.98;39.61;219.59;0.00003;0.0;9;10
5052.11;39.61;219.59;0.00003;0.0;9;10
5052.14;39.75;219.57;0.00003;0.0;9;10
5052.3;39.53;219.33;0.00003;0.0;9;10
5052.48;39.55;219.37;0.00003;0.0;9;10
5052.71;39.68;219.47;0.00003;0.0;9;10
5052.87;0.0;0.0;0.0;0.0;0;0
5052.99;39.47;219.87;0.00003;0.0;9;10
5053.09;0.0;0.0;0.0;0.0;0;0
5053.09;39.68;219.72;0.00003;0.0;9;10
5053.09;39.71;219.58;0.00003;0.0;9;10
5053.09;39.58;219.41;0.00003;0.0;9;10
5053.09;0.0;0.0;0.0;0.0;0;0
5053.09;39.57;219.72;0.00003;0.0;9;10
5053.09;0.0;0.0;0.0;0.0;0;0
5053.09;39.74;219.6;0.00003;0.0;9;10
5053.09;39.73;219.75;0.00003;0.0;9;10
5053.09;39.57;219.79;0.00003;0.0;9;10
5053.09;39.56;219.58;0.00003;0.0;9;10
5053.09;39.6;219.59;0.00003;0.0;9;10
5053.09;39.68;220.0;0.00003;0.0;9;10
5053.09;39.51;219.44;0.00003;0.0;9;10
5053.09;39.7;219.75;0.00003;0.0;9;10
5053.09;39.63;219.56;0.00003;0.0;9;10
5053.09;39.68;220.01;0.00003;0.0;9;10
5053.09;39.58;219.55;0.00003;0.0;9;10
5053.09;39.6;219.71;0.00003;0.0;9;10
5053.09;39.6;219.47;0.00003;0.0;9;10
5053.09;39.52;219.48;0.00003;0.0;9;10
5053.09;39.58;219.56;0.00003;0.0;9;10
5053.09;39.58;219.5;0.00003;0.0;9;10
5053.09;39.65;219.62;0.00003;0.0;9;10
5053.09;39.7;219.55;0.00003;0.0;9;10
5053.09;39.47;219.77;0.00003;0.0;9;10
5053.09;39.63;219.5;0.00003;0.0;9;10
5053.09;39.72;219.74;0.00003;0.0;9;10
5053.09;0.0;0.0;0.0;0.0;0;0
5053.09;39.55;219.77;0.00003;0.0;9;10
5053.09;39.59;219.57;0.00003;0.0;9;10
5053.09;39.49;219.39;0.00003;0.0;9;10
5053.09;39.56;219.59;0.00003;0.0;9;10
5053.09;39.48;219.53;0.00003;0.0;9;10
5053.09;39.62;219.59;0.00003;0.0;9;10
5053.09;39.61;219.52;0.00004;0.0;9;10
5053.09;39.61;219.52;0.00004;0.0;9;10
5053.09;39.73;219.8;0.00004;0.0;9;10
5053.09;39.53;219.63;0.00004;0.0;9;10
5053.09;39.62;219.54;0.00004;0.0;9;10
5053.09;39.55;219.63;0.00004;0.0;9;10
5053.09;39.48;219.64;0.00004;0.0;9;10
5053.09;39.58;219.56;0.00004;0.0;9;10
5053.09;39.53;219.45;0.00004;0.0;9;10
5053.09;39.48;219.69;0.00004;0.0;9;10
5053.09;39.56;219.39;0.00004;0.0;9;10
5053.09;39.45;219.8;0.00004;0.0;9;10
5053.09;0.0;0.0;0.0;0.0;0;0
5053.09;39.6;219.56;0.00004;0.0;9;10
5053.09;0.0;0.0;0.0;0.0;0;0
5053.09;39.66;219.52;0.00004;0.0;9;10
5053.09;39.52;219.55;0.00004;0.0;9;10
5053.09;39.58;219.55;0.00004;0.0;9;10
5053.09;39.74;219.93;0.00004;0.0;9;10
5053.09;39.58;219.61;0.00004;0.0;9;10
5053.09;39.47;219.53;0.00004;0.0;9;10
5053.1;39.67;219.41;0.00004;0.0;9;10
5053.1;39.5;219.74;0.00006;0.0;9;10
5053.1;39.72;219.8;0.00003;0.0;10;10
5053.11;39.54;219.8;0.00003;0.0;10;10
5053.11;39.52;219.57;0.00003;0.0;10;10
5053.11;39.55;219.86;0.00003;0.0;10;10
5053.11;39.71;219.42;0.00003;0.0;10;10
5053.11;39.61;219.77;0.00003;0.0;10;10
5053.13;39.59;219.43;0.00003;0.0;10;10
5053.13;39.53;219.52;0.00003;0.0;10;10
5053.14;39.51;219.56;0.00003;0.0;10;10
5053.14;39.58;219.83;0.00003;0.0;10;10
5053.15;39.66;219.45;0.00003;0.0;10;10
5053.15;39.53;219.35;0.00003;0.0;10;10
5053.16;39.63;219.54;0.00003;0.0;10;10
5053.16;39.5;219.68;0.00003;0.0;10;10
5053.17;39.58;219.44;0.00003;0.0;10;10
5053.17;39.59;219.69;0.00003;0.0;10;10
5053.17;39.55;219.72;0.00003;0.0;10;10
5053.17;39.56;219.53;0.00003;0.0;10;10
5053.21;39.51;219.47;0.00003;0.0;10;10
5053.25;39.5;219.45;0.00003;0.0;10;10
5053.26;39.54;219.6;0.00003;0.0;10;10
5053.28;39.54;219.6;0.00003;0.0;10;10
5053.3;39.7;219.83;0.00003;0.0;10;10
5053.33;39.64;219.66;0.00003;0.0;10;10
5053.34;39.62;219.62;0.00003;0.0;10;10
5053.36;39.61;219.47;0.00003;0.0;10;10
5053.39;39.64;219.65;0.00003;0.0;10;10
5053.4;39.54;219.72;0.00003;0.0;10;10
5053.43;39.59;219.5;0.00003;0.0;10;10
5053.44;39.6;219.56;0.00003;0.0;10;10
5053.44;39.57;219.56;0.00003;0.0;10;10
5053.46;39.65;219.33;0.00003;0.0;10;10
5053.49;39.61;219.43;0.00003;0.0;10;10
5053.5;39.68;220.06;0.00003;0.0;10;10
5053.53;39.56;219.62;0.00003;0.0;10;10
5053.56;39.61;219.53;0.00003;0.0;10;10
5053.57;39.62;219.57;0.00003;0.0;10;10
5053.58;39.62;219.83;0.00003;0.0;10;10
5053.58;39.59;219.55;0.00003;0.0;10;10
5053.6;39.64;219.43;0.00003;0.0;10;10
5053.64;39.69;219.78;0.00003;0.0;10;10
5053.64;39.85;219.51;0.00003;0.0;10;10
5053.64;39.78;219.6;0.00003;0.0;10;10
5053.66;39.87;219.72;0.00003;0.0;10;10
5053.72;39.77;219.55;0.00003;0.0;10;10
5053.75;39.61;219.67;0.00003;0.0;10;10
5053.78;39.69;219.55;0.00003;0.0;10;10
5053.81;39.74;219.62;0.00003;0.0;10;10
5053.86;39.79;219.49;0.00003;0.0;10;10
5053.89;39.62;219.82;0.00003;0.0;10;10
5053.91;39.71;219.33;0.00003;0.0;10;10
5053.92;39.67;219.7;0.00003;0.0;10;10
5053.94;39.56;219.39;0.00003;0.0;10;10
5053.94;39.49;219.49;0.00003;0.0;10;10
5053.95;39.55;219.67;0.00003;0.0;10;10
5053.97;39.51;219.46;0.00004;0.0;10;10
5053.97;39.54;219.45;0.00004;0.0;10;10
5053.97;39.52;220.05;0.00004;0.0;10;10
5053.97;39.55;219.52;0.00003;0.0;10;10
5053.97;39.55;219.59;0.00004;0.0;10;10
5053.98;39.55;219.59;0.00004;0.0;10;10
5054.0;39.54;219.53;0.00004;0.0;10;10
5054.02;39.52;219.41;0.00004;0.0;10;10
5054.02;39.47;219.94;0.00004;0.0;10;10
5054.02;39.6;219.65;0.00004;0.0;10;10
5054.05;39.48;219.43;0.00004;0.0;10;10
5054.06;39.6;219.61;0.00004;0.0;10;10
5054.08;39.5;219.76;0.00004;0.0;10;10
5054.1;39.48;219.66;0.00004;0.0;10;10
5054.1;39.7;219.52;0.00004;0.0;10;10
5054.1;39.58;219.45;0.00004;0.0;10;10
5054.11;39.56;219.73;0.00004;0.0;10;10
5054.11;39.7;219.49;0.00004;0.0;10;10
5054.11;39.55;219.39;0.00004;0.0;10;10
5054.11;39.57;219.5;0.00004;0.0;10;10
5054.14;39.58;219.67;0.00004;0.0;10;10
5054.15;39.53;219.4;0.00004;0.0;10;10
5054.16;39.64;219.7;0.00004;0.0;10;10
5054.17;39.55;219.77;0.00004;0.0;10;10
5054.2;39.61;219.95;0.00004;0.0;10;10
5054.23;39.63;219.73;0.00004;0.0;10;10
5054.23;39.46;219.56;0.00004;0.0;10;10
5054.26;39.7;219.67;0.00004;0.0;10;10
5054.27;39.47;219.58;0.00004;0.0;10;10
5054.29;39.65;219.64;0.00004;0.0;10;10
5054.3;39.47;219.31;0.00004;0.0;10;10
5054.33;39.58;219.63;0.00004;0.0;10;10
