cpu0;avg_rtt_a1;avg_rtt_a2;avg_loss_a1;avg_loss_a2;r_a1;r_a2;cpu0
0.0;0.0;0.0;0.0;0.0;0;0
5.81;0.0;0.0;0.0;0.0;0;0
10.61;0.0;0.0;0.0;0.0;0;0
24.4;0.0;0.0;0.0;0.0;0;0
38.23;0.0;0.0;0.0;0.0;0;0
52.0;0.0;220.23;0.0;0.0;0;1
65.91;0.0;223.82;0.0;0.0;0;1
79.79;0.0;222.74;0.0;0.0;0;1
93.66;0.0;223.09;0.0;0.0;0;1
107.47;0.0;223.91;0.0;0.0;0;1
121.31;0.0;225.18;0.0;0.0;0;1
135.19;0.0;222.74;0.0;0.0;0;1
149.0;0.0;223.74;0.0;0.0;0;1
162.85;0.0;224.77;0.0;0.0;0;1
176.67;0.0;222.87;0.0;0.0;0;1
190.58;0.0;222.5;0.0;0.0;0;1
204.46;0.0;225.0;0.0;0.0;0;1
218.27;0.0;225.59;0.0;0.0;0;1
232.07;0.0;223.67;0.0;0.0;0;1
245.96;0.0;222.14;0.0;0.0;0;1
259.89;0.0;223.41;0.0;0.0;0;1
273.71;0.0;224.36;0.0;0.0;0;1
287.54;0.0;222.36;0.0;0.0;0;1
301.32;0.0;220.59;0.0;0.0;0;1
315.21;0.0;222.91;0.0;0.0;0;1
329.03;0.0;222.74;0.0;0.0;0;1
342.82;0.0;221.95;0.0;0.0;0;1
356.64;0.0;224.43;0.0;0.0;0;1
370.47;0.0;222.5;0.0;0.0;0;1
384.29;0.0;222.64;0.0;0.0;0;1
398.16;0.0;223.0;0.0;0.0;0;1
412.04;0.0;223.86;0.0;0.0;0;1
425.92;0.0;219.36;0.0;0.0;0;1
439.75;0.0;220.22;0.0;0.0;0;1
453.6;0.0;222.05;0.0;0.0;0;1
467.33;0.0;222.87;0.0;0.0;0;1
481.32;0.0;221.18;0.0;0.0;0;1
495.21;0.0;222.55;0.0;0.0;0;1
509.01;0.0;225.59;0.0;0.0;0;1
522.9;0.0;224.09;0.0;0.0;0;1
536.74;0.0;223.05;0.0;0.0;0;1
542.64;0.0;224.91;0.0;0.0;0;1
546.33;0.0;222.05;0.0;0.0;0;1
559.15;0.0;221.68;0.0;0.0;0;1
572.15;0.0;222.0;0.0;0.0;0;1
585.18;39.48;225.32;0.0;0.0;1;1
598.13;39.37;222.39;0.0;0.0;1;1
611.1;39.4;222.0;0.0;0.0;1;1
624.09;39.37;222.91;0.0;0.0;1;1
636.89;39.52;224.57;0.0;0.0;1;1
649.85;39.47;221.18;0.0;0.0;1;1
662.9;39.74;222.05;0.0;0.0;1;1
675.83;39.3;222.05;0.0;0.0;1;1
688.74;39.37;221.96;0.0;0.0;1;1
701.63;39.36;220.22;0.0;0.0;1;1
714.63;39.4;223.95;0.0;0.0;1;1
727.4;39.51;219.32;0.0;0.0;1;1
740.42;39.34;221.22;0.0;0.0;1;1
753.41;39.5;222.78;0.0;0.0;1;1
766.43;39.39;222.18;0.0;0.0;1;1
779.47;39.33;221.96;0.0;0.0;1;1
792.52;39.35;221.27;0.0;0.0;1;1
805.41;39.41;221.17;0.0;0.0;1;1
818.45;39.34;222.18;0.0;0.0;1;1
831.37;39.54;219.27;0.0;0.0;1;1
844.37;39.53;222.18;0.0;0.0;1;1
857.35;39.51;220.36;0.0;0.0;1;1
870.34;39.37;222.87;0.0;0.0;1;1
883.24;39.36;222.14;0.0;0.0;1;1
896.21;39.37;222.05;0.0;0.0;1;1
909.19;39.35;222.91;0.0;0.0;1;1
922.1;39.39;224.61;0.0;0.0;1;1
934.98;39.46;219.35;0.0;0.0;1;1
947.96;39.35;222.95;0.0;0.0;1;1
960.99;39.86;221.0;0.0;0.0;1;1
974.04;39.37;220.26;0.0;0.0;1;1
986.96;39.54;220.65;0.0;0.0;1;1
999.98;39.47;225.04;0.0;0.0;1;1
1012.96;39.38;223.83;0.0;0.0;1;1
1021.67;39.37;222.19;0.0;0.0;1;1
1034.69;39.41;220.17;0.0;0.0;1;1
1044.44;39.34;222.27;0.0;0.0;1;1
1047.91;39.54;221.17;0.0;0.0;1;1
1060.0;39.57;223.73;0.0;0.0;1;1
1072.04;39.33;219.3;0.0;0.0;1;1
1084.17;39.43;219.32;0.0;0.0;1;2
1096.49;39.35;219.39;0.0;0.0;1;2
1108.66;39.41;219.38;0.0;0.0;1;2
1120.9;39.33;219.74;0.0;0.0;1;2
1133.23;39.37;219.38;0.0;0.0;1;2
1145.47;39.39;219.39;0.0;0.0;1;2
1157.87;39.34;219.75;0.0;0.0;1;2
1170.24;39.35;219.37;0.0;0.0;1;2
1182.58;39.36;219.87;0.0;0.0;1;2
1194.87;39.36;219.28;0.0;0.0;1;2
1207.11;39.33;219.27;0.0;0.0;1;2
1219.4;39.37;219.3;0.0;0.0;1;2
1231.71;39.4;219.3;0.0;0.0;1;2
1243.97;39.33;219.31;0.0;0.0;1;2
1256.27;39.39;219.37;0.0;0.0;1;2
1268.57;39.38;219.26;0.0;0.0;1;2
1280.87;39.38;219.32;0.0;0.0;1;2
1293.22;39.33;219.34;0.0;0.0;1;2
1305.52;39.36;219.32;0.0;0.0;1;2
1317.78;39.51;219.85;0.0;0.0;1;2
1330.14;39.4;219.43;0.0;0.0;1;2
1342.42;39.37;219.42;0.0;0.0;1;2
1354.67;39.38;219.44;0.0;0.0;1;2
1367.01;39.37;220.22;0.0;0.0;1;2
1379.21;39.36;219.34;0.0;0.0;1;2
1391.53;39.37;219.42;0.0;0.0;1;2
1403.82;39.38;219.33;0.0;0.0;1;2
1416.19;39.33;219.41;0.0;0.0;1;2
1428.37;39.39;219.39;0.0;0.0;1;2
1440.61;39.35;219.34;0.0;0.0;1;2
1452.86;39.54;219.44;0.0;0.0;1;2
1461.11;39.37;219.48;0.0;0.0;1;2
1473.4;39.39;219.33;0.0;0.0;1;2
1485.8;39.49;219.41;0.0;0.0;1;2
1498.11;39.35;219.4;0.0;0.0;1;2
1510.31;39.36;219.37;0.0;0.0;1;2
1519.24;39.37;219.51;0.0;0.0;1;2
1522.12;39.37;219.28;0.0;0.0;1;2
1533.64;39.33;219.32;0.0;0.0;1;2
1545.14;39.69;220.26;0.0;0.0;1;2
1556.67;39.37;219.4;0.0;0.0;2;2
1568.15;39.46;219.44;0.0;0.0;2;2
1579.8;39.37;219.78;0.0;0.0;2;2
1591.32;39.39;220.19;0.0;0.0;2;2
1602.77;39.42;219.41;0.0;0.0;2;2
1614.33;39.35;219.41;0.0;0.0;2;2
1625.83;39.36;219.31;0.0;0.0;2;2
1637.26;39.34;219.76;0.0;0.0;2;2
1648.6;39.58;219.41;0.0;0.0;2;2
1660.15;39.53;219.39;0.0;0.0;2;2
1671.7;39.6;219.35;0.0;0.0;2;2
1683.18;39.38;219.34;0.0;0.0;2;2
1694.59;39.47;220.25;0.0;0.0;2;2
1706.16;39.59;219.34;0.0;0.0;2;2
1717.52;39.52;220.69;0.0;0.0;2;2
1729.04;39.49;219.4;0.0;0.0;2;2
1740.53;39.47;219.32;0.0;0.0;2;2
1752.0;39.36;219.29;0.0;0.0;2;2
1763.48;39.34;219.39;0.0;0.0;2;2
1775.14;39.36;219.75;0.0;0.0;2;2
1786.61;39.38;219.37;0.0;0.0;2;2
1798.16;39.37;219.81;0.0;0.0;2;2
1809.52;39.36;219.34;0.0;0.0;2;2
1821.18;39.38;219.38;0.0;0.0;2;2
1829.02;39.37;219.77;0.0;0.0;2;2
1840.61;39.41;219.26;0.0;0.0;2;2
1852.22;39.43;219.33;0.0;0.0;2;2
1863.77;39.44;219.45;0.0;0.0;2;2
1875.32;39.39;219.28;0.0;0.0;2;2
1886.94;39.45;219.89;0.0;0.0;2;2
1898.48;39.47;219.44;0.0;0.0;2;2
1910.09;39.47;219.38;0.0;0.0;2;2
1921.45;39.36;219.37;0.0;0.0;2;2
1932.95;39.38;219.44;0.0;0.0;2;2
1944.45;39.35;219.78;0.0;0.0;2;2
1956.0;39.4;219.41;0.0;0.0;2;2
1963.6;39.38;219.32;0.0;0.0;2;2
1965.69;39.4;219.32;0.0;0.0;2;2
1975.71;39.34;219.69;3e-05;0.0;2;2
1986.27;39.47;219.32;4e-05;0.0;2;2
1997.06;39.42;221.01;4e-05;0.0;2;3
2007.73;39.38;222.14;4e-05;0.0;2;3
2018.52;39.37;222.39;4e-05;0.0;2;3
2029.35;39.34;222.07;4e-05;0.0;2;3
2040.16;39.37;221.07;4e-05;0.0;2;3
2051.06;39.47;221.42;4e-05;0.0;2;3
2061.94;39.56;221.03;4e-05;0.0;2;3
2072.84;39.4;221.48;4e-05;0.0;2;3
2083.53;39.37;220.16;3e-05;0.0;2;3
2094.33;39.41;222.94;3e-05;0.0;2;3
2105.1;39.4;222.34;3e-05;0.0;2;3
2116.04;39.37;222.4;3e-05;0.0;2;3
2126.78;39.46;221.19;3e-05;0.0;2;3
2137.59;39.38;221.57;3e-05;0.0;2;3
2148.43;39.45;222.43;3e-05;0.0;2;3
2159.23;39.54;221.33;3e-05;0.0;2;3
2166.26;39.53;220.36;3e-05;0.0;2;3
2177.12;39.38;221.5;3e-05;0.0;2;3
2187.93;39.5;221.14;3e-05;0.0;2;3
2198.7;39.38;221.27;3e-05;0.0;2;3
2209.4;39.45;221.42;3e-05;0.0;2;3
2220.2;39.51;221.45;3e-05;0.0;2;3
2231.01;39.45;221.75;3e-05;0.0;2;3
2241.56;39.33;221.62;3e-05;0.0;2;3
2252.28;39.37;220.58;3e-05;0.0;2;3
2262.76;39.45;221.76;3e-05;0.0;2;3
2273.37;39.35;221.05;3e-05;0.0;2;3
2283.93;39.53;220.68;3e-05;0.0;2;3
2294.58;39.51;222.96;3e-05;0.0;2;3
2305.48;39.38;220.99;3e-05;0.0;2;3
2316.42;39.47;221.64;3e-05;0.0;2;3
2327.19;39.43;221.45;3e-05;0.0;2;3
2338.0;39.36;221.71;3e-05;0.0;2;3
2348.77;39.38;222.37;3e-05;0.0;2;3
2359.6;39.45;221.23;3e-05;0.0;2;3
2370.41;39.36;221.12;3e-05;0.0;2;3
2377.48;39.43;222.06;3e-05;0.0;2;3
2379.02;39.33;221.36;3e-05;0.0;2;3
2388.77;39.53;219.63;3e-05;0.0;2;3
2398.84;39.42;219.33;4e-05;0.0;2;3
2408.88;39.48;219.35;3e-05;0.0;3;3
2419.12;39.37;219.36;3e-05;0.0;3;3
2429.36;39.59;219.42;3e-05;0.0;3;3
2439.41;39.37;219.65;3e-05;0.0;3;3
2449.48;39.41;219.35;3e-05;0.0;3;3
2459.43;39.46;219.37;3e-05;0.0;3;3
2466.16;39.41;219.97;3e-05;0.0;3;3
2476.34;39.48;219.35;3e-05;0.0;3;3
2486.44;39.55;219.33;3e-05;0.0;3;3
2496.4;39.41;219.39;3e-05;0.0;3;3
2506.39;39.42;219.4;3e-05;0.0;3;3
2516.4;39.46;219.49;3e-05;0.0;3;3
2526.29;39.42;219.64;3e-05;0.0;3;3
2536.3;39.39;219.4;3e-05;0.0;3;3
2546.37;39.42;219.62;2e-05;0.0;3;3
2556.45;39.39;219.37;2e-05;0.0;3;3
2566.26;39.37;219.38;2e-05;0.0;3;3
2576.24;39.42;219.55;2e-05;0.0;3;3
2586.22;39.45;219.61;2e-05;0.0;3;3
2596.08;39.42;219.67;2e-05;0.0;3;3
2606.18;39.53;220.91;2e-05;0.0;3;3
2616.2;39.35;219.38;2e-05;0.0;3;3
2626.33;39.43;219.3;2e-05;0.0;3;3
2636.15;39.59;219.34;3e-05;0.0;3;3
2646.16;39.49;219.33;3e-05;0.0;3;3
2656.14;39.53;219.35;3e-05;0.0;3;3
2666.11;39.43;219.68;3e-05;0.0;3;3
2676.01;39.42;219.69;3e-05;0.0;3;3
2685.92;39.46;219.36;3e-05;0.0;3;3
2696.08;39.54;219.31;3e-05;0.0;3;3
2706.04;39.37;219.35;3e-05;0.0;3;3
2716.15;39.53;219.73;3e-05;0.0;3;3
2726.22;39.38;219.65;3e-05;0.0;3;3
2732.89;39.38;219.37;3e-05;0.0;3;3
2743.11;39.56;219.32;3e-05;0.0;3;3
2753.23;39.43;219.67;3e-05;0.0;3;3
2760.33;39.48;219.63;3e-05;0.0;3;3
2761.69;39.41;219.38;3e-05;0.0;3;3
2768.61;39.56;219.26;3e-05;0.0;3;3
2777.76;39.41;220.01;3e-05;0.0;3;3
2786.97;39.47;219.32;3e-05;0.0;3;4
2796.2;39.47;219.57;3e-05;0.0;3;4
2805.5;39.42;219.55;3e-05;0.0;3;4
2814.6;39.52;219.38;3e-05;0.0;3;4
2823.95;39.34;219.79;3e-05;0.0;3;4
2833.28;39.36;219.34;3e-05;0.0;3;4
2842.63;39.49;219.3;3e-05;0.0;3;4
2851.95;39.42;219.8;3e-05;0.0;3;4
2861.36;39.36;219.83;3e-05;0.0;3;4
2870.69;39.43;219.39;3e-05;0.0;3;4
2880.03;39.36;219.37;2e-05;0.0;3;4
2889.54;39.41;219.39;2e-05;0.0;3;4
2898.77;39.38;219.58;2e-05;0.0;3;4
2908.27;39.51;219.98;2e-05;0.0;3;4
2917.46;39.5;219.85;2e-05;0.0;3;4
2926.92;39.4;219.39;2e-05;0.0;3;4
2933.05;39.36;219.33;2e-05;0.0;3;4
2942.36;39.39;219.38;2e-05;0.0;3;4
2951.7;39.52;219.41;2e-05;0.0;3;4
2961.13;39.48;219.42;2e-05;0.0;3;4
2970.25;39.42;219.29;2e-05;0.0;3;4
2979.68;39.49;219.3;2e-05;0.0;3;4
2989.1;39.5;219.57;2e-05;0.0;3;4
2998.56;39.37;219.53;2e-05;0.0;3;4
3007.91;39.38;219.32;2e-05;0.0;3;4
3017.22;39.38;219.37;2e-05;0.0;3;4
3026.28;39.46;219.33;2e-05;0.0;3;4
3035.71;39.44;219.31;2e-05;0.0;3;4
3044.9;39.4;219.37;2e-05;0.0;3;4
3054.14;39.38;219.58;2e-05;0.0;3;4
3063.49;39.42;219.57;2e-05;0.0;3;4
3072.95;39.46;219.38;2e-05;0.0;3;4
3082.3;39.45;219.53;2e-05;0.0;3;4
3091.65;39.4;219.63;2e-05;0.0;3;4
3101.03;39.54;219.36;2e-05;0.0;3;4
3110.46;39.42;219.58;2e-05;0.0;3;4
3115.95;39.4;219.35;2e-05;0.0;3;4
3117.1;39.41;219.63;2e-05;0.0;3;4
3124.28;39.45;219.53;3e-05;0.0;3;4
3132.98;39.66;219.52;3e-05;0.0;3;4
3141.54;39.4;219.38;2e-05;0.0;4;4
3150.3;39.36;219.29;2e-05;0.0;4;4
3159.08;39.42;219.58;2e-05;0.0;4;4
3164.81;39.4;219.34;2e-05;0.0;4;4
3173.43;39.37;219.35;2e-05;0.0;4;4
3182.14;39.42;219.27;2e-05;0.0;4;4
3190.9;39.36;219.76;2e-05;0.0;4;4
3199.64;39.41;219.36;2e-05;0.0;4;4
3208.13;39.46;219.56;2e-05;0.0;4;4
3216.77;39.36;219.44;2e-05;0.0;4;4
3225.56;39.51;219.37;2e-05;0.0;4;4
3234.37;39.4;219.33;2e-05;0.0;4;4
3242.86;39.35;219.33;2e-05;0.0;4;4
3251.62;39.35;219.36;2e-05;0.0;4;4
3260.31;39.45;220.19;2e-05;0.0;4;4
3268.97;39.38;219.56;2e-05;0.0;4;4
3277.63;39.38;219.88;2e-05;0.0;4;4
3286.28;39.35;219.39;2e-05;0.0;4;4
3295.0;39.44;219.37;2e-05;0.0;4;4
3303.64;39.39;219.56;2e-05;0.0;4;4
3312.4;39.44;219.33;2e-05;0.0;4;4
3321.06;39.49;219.36;2e-05;0.0;4;4
3329.82;39.41;219.36;2e-05;0.0;4;4
3338.54;39.36;219.7;2e-05;0.0;4;4
3346.98;39.4;219.33;2e-05;0.0;4;4
3355.72;39.38;219.31;2e-05;0.0;4;4
3361.53;39.4;219.32;2e-05;0.0;4;4
3370.27;39.4;219.32;2e-05;0.0;4;4
3379.17;39.37;219.37;2e-05;0.0;4;4
3388.04;39.5;219.36;2e-05;0.0;4;4
3397.03;39.46;219.61;2e-05;0.0;4;4
3405.78;39.38;219.36;2e-05;0.0;4;4
3414.59;39.47;219.33;2e-05;0.0;4;4
3423.28;39.39;219.65;2e-05;0.0;4;4
3432.04;39.47;219.33;2e-05;0.0;4;4
3440.75;39.39;219.48;2e-05;0.0;4;4
3446.1;39.46;219.39;2e-05;0.0;4;4
3447.4;39.52;219.62;2e-05;0.0;4;4
3452.14;39.72;219.8;2e-05;0.0;4;4
3460.2;39.45;220.1;3e-05;0.0;4;4
3468.03;39.6;219.98;3e-05;0.0;4;5
3475.93;39.52;220.2;3e-05;0.0;4;5
3483.87;39.41;220.34;3e-05;0.0;4;5
3491.96;39.41;220.26;3e-05;0.0;4;5
3499.98;39.36;220.3;3e-05;0.0;4;5
3508.12;39.36;220.67;3e-05;0.0;4;5
3516.23;39.4;219.93;3e-05;0.0;4;5
3524.44;39.37;220.78;3e-05;0.0;4;5
3532.63;39.44;220.25;2e-05;0.0;4;5
3538.07;39.46;220.64;2e-05;0.0;4;5
3546.01;39.36;220.84;2e-05;0.0;4;5
3554.2;39.41;219.88;2e-05;0.0;4;5
3562.38;39.35;220.24;2e-05;0.0;4;5
3570.4;39.37;220.45;2e-05;0.0;4;5
3578.47;39.34;220.27;2e-05;0.0;4;5
3586.43;39.38;220.24;2e-05;0.0;4;5
3594.53;39.34;220.3;2e-05;0.0;4;5
3602.77;39.46;220.61;2e-05;0.0;4;5
3610.89;39.33;220.77;2e-05;0.0;4;5
3619.11;39.52;220.45;2e-05;0.0;4;5
3627.28;39.35;220.67;2e-05;0.0;4;5
3635.42;39.41;219.72;2e-05;0.0;4;5
3643.5;39.34;220.6;2e-05;0.0;4;5
3651.57;39.37;220.44;2e-05;0.0;4;5
3659.66;39.39;220.27;2e-05;0.0;4;5
3667.8;39.34;220.26;2e-05;0.0;4;5
3675.95;39.39;220.37;2e-05;0.0;4;5
3684.27;39.37;220.87;2e-05;0.0;4;5
3692.42;39.46;220.61;2e-05;0.0;4;5
3700.47;39.35;220.51;2e-05;0.0;4;5
3708.86;39.31;221.42;2e-05;0.0;4;5
3717.14;39.38;220.36;2e-05;0.0;4;5
3725.37;39.37;220.74;2e-05;0.0;4;5
3733.52;39.38;220.58;2e-05;0.0;4;5
3738.97;39.4;221.2;2e-05;0.0;4;5
3747.2;39.36;220.55;2e-05;0.0;4;5
3752.61;39.37;220.86;2e-05;0.0;4;5
3754.46;39.35;220.81;2e-05;0.0;4;5
3758.16;39.7;219.33;3e-05;0.0;4;5
3765.66;39.54;219.52;3e-05;0.0;4;5
3773.06;39.38;219.57;2e-05;0.0;5;5
3780.44;39.58;219.35;2e-05;0.0;5;5
3787.82;39.41;219.37;2e-05;0.0;5;5
3795.27;39.35;219.73;2e-05;0.0;5;5
3802.54;39.36;219.4;2e-05;0.0;5;5
3809.99;39.34;219.53;2e-05;0.0;5;5
3817.2;39.4;219.35;2e-05;0.0;5;5
3824.73;39.4;219.39;2e-05;0.0;5;5
3831.89;39.46;219.51;2e-05;0.0;5;5
3839.16;39.47;219.37;2e-05;0.0;5;5
3846.67;39.45;219.42;2e-05;0.0;5;5
3854.31;39.62;219.35;2e-05;0.0;5;5
3861.67;39.46;219.55;2e-05;0.0;5;5
3869.13;39.49;219.53;2e-05;0.0;5;5
3876.65;39.42;219.37;2e-05;0.0;5;5
3884.16;39.39;219.34;2e-05;0.0;5;5
3889.22;39.37;219.34;2e-05;0.0;5;5
3896.69;39.5;219.4;2e-05;0.0;5;5
3904.18;39.45;219.74;2e-05;0.0;5;5
3911.71;39.38;219.32;2e-05;0.0;5;5
3919.36;39.43;219.4;2e-05;0.0;5;5
3927.02;39.4;219.37;2e-05;0.0;5;5
3934.63;39.47;219.56;2e-05;0.0;5;5
3942.36;39.43;219.32;2e-05;0.0;5;5
3949.78;39.42;219.43;2e-05;0.0;5;5
3957.44;39.49;219.39;2e-05;0.0;5;5
3964.98;39.38;219.37;2e-05;0.0;5;5
3972.5;39.37;219.31;2e-05;0.0;5;5
3979.87;39.49;219.36;2e-05;0.0;5;5
3987.28;39.35;219.6;2e-05;0.0;5;5
3994.52;39.39;219.56;2e-05;0.0;5;5
4001.86;39.46;219.52;2e-05;0.0;5;5
4009.17;39.47;219.64;2e-05;0.0;5;5
4016.38;39.43;219.31;2e-05;0.0;5;5
4023.36;39.43;219.32;2e-05;0.0;5;5
4030.88;39.39;219.31;2e-05;0.0;5;5
4034.81;39.4;219.5;2e-05;0.0;5;5
4035.52;39.57;219.52;2e-05;0.0;5;5
4036.85;39.5;219.37;2e-05;0.0;5;5
4043.42;39.63;220.09;2e-05;0.0;5;5
4049.99;39.4;219.38;2e-05;0.0;5;6
4056.65;39.38;219.48;2e-05;0.0;5;6
4063.18;39.42;219.42;2e-05;0.0;5;6
4069.94;39.39;219.51;2e-05;0.0;5;6
4076.48;39.32;219.65;2e-05;0.0;5;6
4083.06;39.35;219.66;2e-05;0.0;5;6
4089.52;39.39;219.51;2e-05;0.0;5;6
4096.04;39.41;219.45;2e-05;0.0;5;6
4102.56;39.45;219.5;2e-05;0.0;5;6
4109.07;39.38;219.4;2e-05;0.0;5;6
4115.38;39.44;219.52;2e-05;0.0;5;6
4122.08;39.42;219.68;2e-05;0.0;5;6
4128.53;39.41;219.52;2e-05;0.0;5;6
4134.95;39.44;219.36;2e-05;0.0;5;6
4141.26;39.38;219.86;2e-05;0.0;5;6
4147.58;39.4;219.35;2e-05;0.0;5;6
4151.79;39.43;219.48;2e-05;0.0;5;6
4158.19;39.46;219.53;2e-05;0.0;5;6
4164.48;39.49;219.49;2e-05;0.0;5;6
4170.76;39.38;219.48;2e-05;0.0;5;6
4176.74;39.46;219.67;2e-05;0.0;5;6
4183.0;39.42;219.52;2e-05;0.0;5;6
4189.0;39.39;219.62;2e-05;0.0;5;6
4195.11;39.38;219.65;2e-05;0.0;5;6
4201.38;39.5;219.5;2e-05;0.0;5;6
4207.73;39.41;219.49;2e-05;0.0;5;6
4214.22;39.34;219.31;2e-05;0.0;5;6
4220.51;39.42;219.34;2e-05;0.0;5;6
4226.84;39.41;219.52;2e-05;0.0;5;6
4233.27;39.46;219.69;2e-05;0.0;5;6
4239.88;39.4;219.39;2e-05;0.0;5;6
4246.42;39.39;219.64;2e-05;0.0;5;6
4253.02;39.41;219.48;2e-05;0.0;5;6
4257.24;39.38;219.41;2e-05;0.0;5;6
4263.68;39.43;219.56;2e-05;0.0;5;6
4270.23;39.46;219.33;2e-05;0.0;5;6
4274.3;39.41;219.36;2e-05;0.0;5;6
4275.72;39.5;219.65;2e-05;0.0;5;6
4276.16;39.63;219.89;2e-05;0.0;5;6
4281.45;39.63;219.77;2e-05;0.0;5;6
4286.94;39.98;219.64;2e-05;0.0;6;6
4292.64;39.95;219.36;2e-05;0.0;6;6
4298.16;39.66;219.41;2e-05;0.0;6;6
4303.79;40.13;219.68;2e-05;0.0;6;6
4309.26;39.96;219.39;2e-05;0.0;6;6
4314.84;39.98;219.36;2e-05;0.0;6;6
4320.21;39.76;219.56;2e-05;0.0;6;6
4325.55;39.74;219.38;2e-05;0.0;6;6
4330.82;39.92;219.54;2e-05;0.0;6;6
4336.33;39.63;219.32;2e-05;0.0;6;6
4341.79;39.68;219.49;2e-05;0.0;6;6
4345.54;39.96;219.64;2e-05;0.0;6;6
4351.12;40.15;219.37;2e-05;0.0;6;6
4356.66;40.0;219.34;2e-05;0.0;6;6
4362.35;40.1;219.51;2e-05;0.0;6;6
4367.72;39.89;219.48;2e-05;0.0;6;6
4373.32;39.96;219.35;2e-05;0.0;6;6
4379.02;39.53;219.31;2e-05;0.0;6;6
4384.72;39.84;219.55;2e-05;0.0;6;6
4390.23;39.9;219.64;2e-05;0.0;6;6
4395.77;40.12;219.52;2e-05;0.0;6;6
4401.56;39.75;219.37;2e-05;0.0;6;6
4406.95;39.74;219.38;2e-05;0.0;6;6
4412.44;39.62;219.51;2e-05;0.0;6;6
4417.96;39.99;219.5;2e-05;0.0;6;6
4423.57;39.81;219.45;2e-05;0.0;6;6
4429.41;40.06;219.49;2e-05;0.0;6;6
4434.87;40.02;219.39;2e-05;0.0;6;6
4438.79;39.97;219.64;2e-05;0.0;6;6
4444.28;40.01;219.48;2e-05;0.0;6;6
4449.64;40.19;219.35;2e-05;0.0;6;6
4455.04;39.64;219.63;2e-05;0.0;6;6
4460.54;40.06;219.67;2e-05;0.0;6;6
4465.88;39.84;219.47;2e-05;0.0;6;6
4471.45;39.69;219.4;2e-05;0.0;6;6
4476.79;39.61;219.72;2e-05;0.0;6;6
4479.75;39.95;219.39;2e-05;0.0;6;6
4480.54;39.71;219.78;2e-05;0.0;6;6
4480.54;40.04;219.31;2e-05;0.0;6;6
4483.34;39.9;219.53;2e-05;0.0;6;6
4487.82;39.45;219.39;2e-05;0.0;6;6
4492.28;39.46;219.34;2e-05;0.0;6;7
4496.85;39.44;219.33;2e-05;0.0;6;7
4501.47;39.61;219.34;2e-05;0.0;6;7
4505.96;39.44;219.49;2e-05;0.0;6;7
4509.06;39.41;219.39;2e-05;0.0;6;7
4513.71;39.39;219.29;2e-05;0.0;6;7
4518.38;39.42;219.36;2e-05;0.0;6;7
4522.85;39.47;219.63;2e-05;0.0;6;7
4527.59;39.47;219.36;2e-05;0.0;6;7
4532.29;39.41;219.66;2e-05;0.0;6;7
4537.2;39.38;219.94;2e-05;0.0;6;7
4541.81;39.38;219.44;2e-05;0.0;6;7
4546.2;39.41;219.51;2e-05;0.0;6;7
4551.01;39.35;219.63;2e-05;0.0;6;7
4555.7;39.44;219.41;2e-05;0.0;6;7
4560.31;39.43;219.36;2e-05;0.0;6;7
4564.98;39.42;219.36;2e-05;0.0;6;7
4569.66;39.48;219.42;2e-05;0.0;6;7
4574.49;39.52;219.49;2e-05;0.0;6;7
4578.78;39.82;219.34;2e-05;0.0;6;7
4581.54;39.84;219.32;2e-05;0.0;6;7
4586.31;39.78;219.38;2e-05;0.0;6;7
4591.09;39.41;219.36;2e-05;0.0;6;7
4595.83;39.48;219.34;2e-05;0.0;6;7
4600.55;39.45;219.51;2e-05;0.0;6;7
4605.28;39.66;219.36;2e-05;0.0;6;7
4610.08;39.44;219.64;2e-05;0.0;6;7
4614.87;39.75;219.31;2e-05;0.0;6;7
4619.89;39.84;219.6;2e-05;0.0;6;7
4624.46;39.51;219.49;2e-05;0.0;6;7
4629.16;39.52;219.46;2e-05;0.0;6;7
4633.87;39.47;219.29;2e-05;0.0;6;7
4638.83;39.37;219.43;2e-05;0.0;6;7
4643.59;39.44;219.74;2e-05;0.0;6;7
4648.21;39.81;219.33;2e-05;0.0;6;7
4650.11;39.8;219.49;2e-05;0.0;6;7
4650.81;39.78;219.59;2e-05;0.0;6;7
4650.81;39.59;219.59;2e-05;0.0;6;7
4651.65;39.74;219.87;2e-05;0.0;6;7
4655.49;40.05;219.39;2e-05;0.0;6;7
4659.29;39.7;219.53;2e-05;0.0;7;7
4663.25;39.46;219.6;2e-05;0.0;7;7
4667.01;39.41;219.5;2e-05;0.0;7;7
4670.79;39.65;219.49;2e-05;0.0;7;7
4674.43;39.49;219.48;2e-05;0.0;7;7
4678.1;39.51;219.45;2e-05;0.0;7;7
4681.92;39.6;219.47;2e-05;0.0;7;7
4685.77;39.48;219.49;2e-05;0.0;7;7
4689.58;39.9;219.75;2e-05;0.0;7;7
4693.18;40.05;219.39;2e-05;0.0;7;7
4697.05;39.51;219.44;2e-05;0.0;7;7
4701.07;39.39;219.34;2e-05;0.0;7;7
4705.02;39.61;219.49;2e-05;0.0;7;7
4708.84;39.48;219.49;2e-05;0.0;7;7
4711.58;39.55;219.59;2e-05;0.0;7;7
4715.41;39.37;219.47;2e-05;0.0;7;7
4718.93;39.65;219.46;2e-05;0.0;7;7
4722.89;39.55;219.47;2e-05;0.0;7;7
4726.44;39.48;219.59;2e-05;0.0;7;7
4730.13;39.43;219.79;2e-05;0.0;7;7
4733.82;39.55;219.52;2e-05;0.0;7;7
4737.76;39.52;219.63;2e-05;0.0;7;7
4741.19;39.5;219.51;2e-05;0.0;7;7
4744.91;39.61;219.38;2e-05;0.0;7;7
4748.77;39.42;219.76;2e-05;0.0;7;7
4752.66;39.61;219.61;2e-05;0.0;7;7
4756.6;39.57;219.34;2e-05;0.0;7;7
4760.53;39.57;219.8;2e-05;0.0;7;7
4764.19;39.49;219.59;2e-05;0.0;7;7
4768.24;39.7;219.75;2e-05;0.0;7;7
4770.84;39.52;219.36;2e-05;0.0;7;7
4774.49;39.58;219.59;2e-05;0.0;7;7
4777.95;39.48;219.41;2e-05;0.0;7;7
4782.01;39.7;219.56;2e-05;0.0;7;7
4785.92;39.64;219.67;2e-05;0.0;7;7
4787.98;39.8;219.44;2e-05;0.0;7;7
4788.55;39.76;219.69;2e-05;0.0;7;7
4788.55;39.62;219.74;2e-05;0.0;7;7
4788.55;39.55;219.32;2e-05;0.0;7;7
4790.32;39.5;219.76;2e-05;0.0;7;7
4792.71;39.5;219.51;2e-05;0.0;7;7
4795.54;39.49;219.56;2e-05;0.0;7;8
4798.68;39.49;219.72;2e-05;0.0;7;8
4801.89;39.42;219.66;2e-05;0.0;7;8
4804.81;39.38;219.38;2e-05;0.0;7;8
4807.84;39.39;219.57;2e-05;0.0;7;8
4810.01;39.46;220.16;2e-05;0.0;7;8
4812.67;39.46;219.39;2e-05;0.0;7;8
4815.36;39.38;219.8;2e-05;0.0;7;8
4818.2;39.54;219.56;2e-05;0.0;7;8
4821.1;39.53;219.37;2e-05;0.0;7;8
4823.86;39.59;219.58;2e-05;0.0;7;8
4826.53;39.49;219.61;2e-05;0.0;7;8
4829.46;39.42;219.45;2e-05;0.0;7;8
4832.64;39.43;219.85;2e-05;0.0;7;8
4835.42;39.4;219.61;2e-05;0.0;7;8
4838.02;39.38;219.37;2e-05;0.0;7;8
4841.09;39.54;219.32;2e-05;0.0;7;8
4844.22;39.65;219.79;2e-05;0.0;7;8
4846.94;39.4;219.55;2e-05;0.0;7;8
4849.1;39.5;219.45;2e-05;0.0;7;8
4852.41;39.46;219.47;2e-05;0.0;7;8
4855.61;39.43;219.58;2e-05;0.0;7;8
4858.52;39.44;219.4;2e-05;0.0;7;8
4861.32;39.43;219.48;2e-05;0.0;7;8
4864.53;39.46;219.58;2e-05;0.0;7;8
4867.84;39.52;219.72;2e-05;0.0;7;8
4870.77;39.53;219.57;2e-05;0.0;7;8
4873.97;39.47;219.6;2e-05;0.0;7;8
4877.32;39.43;219.47;2e-05;0.0;7;8
4880.75;39.39;219.69;2e-05;0.0;7;8
4883.79;39.48;219.35;2e-05;0.0;7;8
4886.77;39.46;219.59;2e-05;0.0;7;8
4890.04;39.43;219.56;2e-05;0.0;7;8
4893.1;39.53;219.76;3e-05;0.0;7;8
4894.07;39.43;219.69;3e-05;0.0;7;8
4894.29;39.65;219.73;3e-05;0.0;7;8
4894.3;39.44;219.56;3e-05;0.0;7;8
4894.3;39.59;219.3;3e-05;0.0;7;8
4895.04;39.56;219.51;3e-05;0.0;7;8
4897.15;39.55;219.68;3e-05;0.0;7;8
4899.48;39.8;219.65;3e-05;0.0;8;8
4901.75;39.57;219.58;3e-05;0.0;8;8
4903.6;39.69;219.7;3e-05;0.0;8;8
4905.74;39.84;219.45;3e-05;0.0;8;8
4907.96;39.88;219.56;3e-05;0.0;8;8
4910.35;39.67;219.53;3e-05;0.0;8;8
4912.68;39.84;219.59;3e-05;0.0;8;8
4915.26;39.51;219.39;3e-05;0.0;8;8
4917.57;39.61;219.71;3e-05;0.0;8;8
4919.99;39.73;219.51;3e-05;0.0;8;8
4922.5;39.75;219.63;3e-05;0.0;8;8
4924.15;39.84;219.45;3e-05;0.0;8;8
4926.6;39.62;219.44;3e-05;0.0;8;8
4928.97;39.76;219.38;3e-05;0.0;8;8
4931.54;39.65;219.59;3e-05;0.0;8;8
4933.95;39.59;219.55;3e-05;0.0;8;8
4936.01;39.84;219.46;3e-05;0.0;8;8
4938.48;39.76;219.35;3e-05;0.0;8;8
4940.76;39.79;219.54;3e-05;0.0;8;8
4942.89;39.61;219.55;3e-05;0.0;8;8
4944.95;39.48;219.68;3e-05;0.0;8;8
4947.56;39.67;219.93;3e-05;0.0;8;8
4949.87;39.66;219.47;3e-05;0.0;8;8
4952.36;39.92;219.65;3e-05;0.0;8;8
4954.59;39.66;219.66;3e-05;0.0;8;8
4957.13;39.8;219.41;3e-05;0.0;8;8
4958.6;39.66;219.7;3e-05;0.0;8;8
4960.53;39.63;219.49;3e-05;0.0;8;8
4962.9;39.7;219.49;3e-05;0.0;8;8
4965.21;39.73;219.68;3e-05;0.0;8;8
4967.63;39.62;219.45;3e-05;0.0;8;8
4970.2;39.85;219.47;3e-05;0.0;8;8
4972.51;39.6;219.85;3e-05;0.0;8;8
4974.88;39.68;219.54;3e-05;0.0;8;8
4976.07;39.73;219.57;3e-05;0.0;8;8
4976.42;39.72;219.64;3e-05;0.0;8;8
4976.43;39.6;219.77;3e-05;0.0;8;8
4976.43;39.48;219.59;3e-05;0.0;8;8
4976.43;39.72;219.48;3e-05;0.0;8;8
4976.43;40.08;219.58;3e-05;0.0;8;8
4976.89;39.85;219.47;3e-05;0.0;8;8
4978.06;39.87;219.69;3e-05;0.0;8;8
4979.51;39.76;219.46;3e-05;0.0;8;9
4981.16;39.76;219.49;3e-05;0.0;8;9
4982.55;39.91;219.33;3e-05;0.0;8;9
4984.26;39.55;219.43;3e-05;0.0;8;9
4985.52;39.83;219.34;3e-05;0.0;8;9
4986.71;39.68;219.71;3e-05;0.0;8;9
4988.35;39.89;219.48;3e-05;0.0;8;9
4989.72;39.81;219.78;3e-05;0.0;8;9
4991.48;39.77;219.62;3e-05;0.0;8;9
4993.02;39.82;219.54;3e-05;0.0;8;9
4994.28;39.74;219.52;3e-05;0.0;8;9
4995.94;39.62;220.01;3e-05;0.0;8;9
4997.56;39.7;219.65;3e-05;0.0;8;9
4999.0;39.59;219.46;3e-05;0.0;8;9
5000.56;39.55;219.66;3e-05;0.0;8;9
5001.55;39.72;219.91;3e-05;0.0;8;9
5003.2;39.79;219.53;3e-05;0.0;8;9
5004.75;39.63;219.86;3e-05;0.0;8;9
5006.18;39.7;219.45;3e-05;0.0;8;9
5007.66;39.85;219.93;3e-05;0.0;8;9
5008.95;39.61;219.5;3e-05;0.0;8;9
5010.36;39.89;219.66;3e-05;0.0;8;9
5011.96;39.71;219.49;3e-05;0.0;8;9
5013.57;39.56;219.47;3e-05;0.0;8;9
5015.09;39.9;219.44;3e-05;0.0;8;9
5016.84;39.65;219.85;3e-05;0.0;8;9
5018.33;39.43;219.34;3e-05;0.0;8;9
5020.18;39.5;219.32;3e-05;0.0;8;9
5021.72;39.45;219.82;3e-05;0.0;8;9
5023.35;39.57;219.47;3e-05;0.0;8;9
5024.37;39.39;219.55;3e-05;0.0;8;9
5025.81;39.48;219.64;3e-05;0.0;8;9
5026.81;39.59;219.66;3e-05;0.0;8;9
5026.94;39.45;219.55;3e-05;0.0;8;9
5026.95;39.6;219.42;3e-05;0.0;8;9
5026.95;39.51;219.65;3e-05;0.0;8;9
5026.95;39.9;219.7;3e-05;0.0;8;9
5026.95;40.13;219.65;3e-05;0.0;8;9
5026.95;39.91;219.42;3e-05;0.0;8;9
5027.08;39.73;219.85;3e-05;0.0;8;9
5027.83;39.87;219.53;3e-05;0.0;8;9
5028.86;39.73;219.62;3e-05;0.0;9;9
5029.46;40.15;219.4;3e-05;0.0;9;9
5030.38;39.87;219.67;3e-05;0.0;9;9
5031.08;39.76;219.63;3e-05;0.0;9;9
5031.96;40.14;219.63;3e-05;0.0;9;9
5033.1;40.04;219.46;3e-05;0.0;9;9
5033.91;39.95;219.58;3e-05;0.0;9;9
5034.83;39.93;219.47;3e-05;0.0;9;9
5035.51;40.0;219.36;3e-05;0.0;9;9
5036.58;39.91;219.62;3e-05;0.0;9;9
5037.64;39.92;219.54;3e-05;0.0;9;9
5038.58;39.81;219.56;3e-05;0.0;9;9
5039.56;39.94;219.38;3e-05;0.0;9;9
5040.38;40.14;219.54;3e-05;0.0;9;9
5041.49;39.85;219.77;3e-05;0.0;9;9
5042.58;39.98;219.55;3e-05;0.0;9;9
5043.73;40.09;219.47;3e-05;0.0;9;9
5044.6;39.87;219.45;3e-05;0.0;9;9
5045.13;40.01;219.66;3e-05;0.0;9;9
5046.11;40.07;219.7;3e-05;0.0;9;9
5047.15;39.82;219.58;3e-05;0.0;9;9
5048.03;39.9;219.68;3e-05;0.0;9;9
5048.86;39.86;219.52;3e-05;0.0;9;9
5049.72;39.91;219.73;3e-05;0.0;9;9
5050.72;39.95;219.74;3e-05;0.0;9;9
5051.51;39.93;219.73;3e-05;0.0;9;9
5052.55;39.94;219.42;3e-05;0.0;9;9
5053.43;39.94;219.56;3e-05;0.0;9;9
5054.56;39.88;219.56;3e-05;0.0;9;9
5055.34;40.05;219.58;3e-05;0.0;9;9
5056.22;39.88;219.72;3e-05;0.0;9;9
5056.51;39.8;219.58;3e-05;0.0;9;9
5056.52;39.9;219.66;3e-05;0.0;9;9
5056.52;39.67;219.69;3e-05;0.0;9;9
5056.53;39.66;219.67;3e-05;0.0;9;9
5056.53;39.58;219.54;3e-05;0.0;9;9
5056.53;39.62;219.61;3e-05;0.0;9;9
5056.53;39.7;219.57;3e-05;0.0;9;9
5056.53;39.54;219.55;3e-05;0.0;9;9
5056.53;39.45;220.04;3e-05;0.0;9;9
5056.53;39.56;219.49;3e-05;0.0;9;9
5056.53;39.68;219.68;3e-05;0.0;9;9
5056.55;39.69;219.36;3e-05;0.0;9;9
5056.65;39.63;219.49;3e-05;0.0;9;9
5056.79;39.61;219.96;3e-05;0.0;9;10
5056.9;39.65;220.27;3e-05;0.0;9;10
5057.25;39.55;219.74;3e-05;0.0;9;10
5057.8;39.51;219.41;3e-05;0.0;9;10
5058.25;39.59;219.59;3e-05;0.0;9;10
5058.78;39.66;219.79;3e-05;0.0;9;10
5059.2;39.57;219.67;3e-05;0.0;9;10
5059.61;39.68;219.73;3e-05;0.0;9;10
5060.09;39.53;219.57;3e-05;0.0;9;10
5060.47;39.39;219.56;3e-05;0.0;9;10
5061.08;39.46;219.71;3e-05;0.0;9;10
5061.68;39.63;219.51;3e-05;0.0;9;10
5062.06;39.55;219.71;3e-05;0.0;9;10
5062.44;39.52;219.71;3e-05;0.0;9;10
5062.82;39.59;219.82;3e-05;0.0;9;10
5063.12;39.44;219.44;3e-05;0.0;9;10
5063.6;39.49;219.85;3e-05;0.0;9;10
5064.07;39.76;219.79;3e-05;0.0;9;10
5064.58;39.64;219.51;3e-05;0.0;9;10
5065.13;39.56;219.62;3e-05;0.0;9;10
5065.65;39.57;219.38;3e-05;0.0;9;10
5066.04;39.56;219.52;3e-05;0.0;9;10
5066.47;39.73;219.62;3e-05;0.0;9;10
5066.83;39.58;219.5;3e-05;0.0;9;10
5067.06;39.54;219.53;3e-05;0.0;9;10
5067.46;39.67;219.61;3e-05;0.0;9;10
5067.98;39.63;219.65;3e-05;0.0;9;10
5068.08;39.51;219.47;3e-05;0.0;9;10
5068.08;39.67;219.4;3e-05;0.0;9;10
5068.09;39.8;219.7;3e-05;0.0;9;10
5068.09;39.58;219.82;3e-05;0.0;9;10
5068.09;39.68;219.81;4e-05;0.0;9;10
5068.09;39.55;219.48;4e-05;0.0;9;10
5068.09;39.54;219.6;4e-05;0.0;9;10
5068.09;39.63;219.45;4e-05;0.0;9;10
5068.09;39.58;219.58;4e-05;0.0;9;10
5068.09;39.64;219.57;4e-05;0.0;9;10
5068.09;39.48;219.79;4e-05;0.0;9;10
5068.09;39.61;219.65;4e-05;0.0;9;10
5068.09;39.67;219.63;4e-05;0.0;9;10
5068.09;39.66;219.51;4e-05;0.0;9;10
5068.09;39.81;220.07;4e-05;0.0;9;10
5068.09;39.58;219.44;4e-05;0.0;9;10
5068.09;39.73;219.72;4e-05;0.0;9;10
5068.09;39.86;219.8;4e-05;0.0;9;10
5068.09;39.77;219.61;4e-05;0.0;9;10
5068.09;39.62;219.84;4e-05;0.0;9;10
5068.11;39.82;219.84;4e-05;0.0;9;10
5068.15;39.82;219.43;4e-05;0.0;9;10
5068.2;39.59;219.64;3e-05;0.0;10;10
5068.24;39.59;219.68;3e-05;0.0;10;10
5068.28;39.57;219.5;3e-05;0.0;10;10
5068.29;39.74;219.7;3e-05;0.0;10;10
5068.33;39.59;219.64;3e-05;0.0;10;10
5068.36;0.0;0.0;0.0;0.0;0;0
5068.36;39.55;219.41;3e-05;0.0;10;10
5068.4;39.58;219.84;3e-05;0.0;10;10
5068.45;39.68;220.15;3e-05;0.0;10;10
5068.45;40.03;219.57;3e-05;0.0;10;10
5068.48;39.85;219.82;3e-05;0.0;10;10
5068.51;39.97;220.22;3e-05;0.0;10;10
5068.51;40.07;219.75;3e-05;0.0;10;10
5068.53;40.16;219.52;3e-05;0.0;10;10
5068.54;39.93;219.97;3e-05;0.0;10;10
5068.55;40.2;220.42;3e-05;0.0;10;10
5068.58;39.96;220.3;3e-05;0.0;10;10
5068.63;39.98;219.7;4e-05;0.0;10;10
5068.66;39.99;219.94;4e-05;0.0;10;10
5068.69;39.57;219.87;4e-05;0.0;10;10
5068.74;39.6;219.65;4e-05;0.0;10;10
5068.77;39.67;219.82;4e-05;0.0;10;10
5068.77;39.66;220.0;4e-05;0.0;10;10
5068.78;39.45;219.49;4e-05;0.0;10;10
5068.81;0.0;0.0;0.0;0.0;0;0
5068.86;39.74;220.33;4e-05;0.0;10;10
5068.88;39.69;219.58;4e-05;0.0;10;10
5068.89;39.77;219.62;4e-05;0.0;10;10
5068.92;39.59;219.49;4e-05;0.0;10;10
5068.94;39.83;219.89;4e-05;0.0;10;10
5068.97;39.6;219.56;4e-05;0.0;10;10
5068.97;39.64;219.55;4e-05;0.0;10;10
5069.0;39.65;219.79;4e-05;0.0;10;10
5069.03;39.73;219.67;4e-05;0.0;10;10
5069.06;39.57;219.41;4e-05;0.0;10;10
5069.06;39.86;219.65;4e-05;0.0;10;10
5069.07;39.83;219.7;4e-05;0.0;10;10
5069.09;39.7;220.1;4e-05;0.0;10;10
5069.11;39.66;220.02;4e-05;0.0;10;10
5069.15;39.79;219.53;4e-05;0.0;10;10
5069.18;39.72;219.53;4e-05;0.0;10;10
5069.19;39.83;219.43;4e-05;0.0;10;10
5069.27;39.76;219.89;4e-05;0.0;10;10
5069.31;39.63;219.69;4e-05;0.0;10;10
5069.34;39.64;219.93;4e-05;0.0;10;10
5069.37;39.85;219.33;4e-05;0.0;10;10
5069.39;39.9;219.51;4e-05;0.0;10;10
5069.4;39.7;219.62;4e-05;0.0;10;10
5069.43;39.66;219.49;4e-05;0.0;10;10
5069.44;39.65;219.6;4e-05;0.0;10;10
5069.47;39.72;220.04;4e-05;0.0;10;10
5069.52;39.66;219.87;4e-05;0.0;10;10
5069.53;39.69;219.98;4e-05;0.0;10;10
5069.55;39.62;219.4;4e-05;0.0;10;10
5069.58;39.57;219.71;4e-05;0.0;10;10
5069.61;39.54;219.49;4e-05;0.0;10;10
5069.64;39.68;219.43;4e-05;0.0;10;10
5069.67;39.49;219.77;4e-05;0.0;10;10
5069.67;39.51;219.86;4e-05;0.0;10;10
5069.73;39.72;219.53;4e-05;0.0;10;10
5069.77;39.69;220.04;4e-05;0.0;10;10
5069.81;39.63;219.48;4e-05;0.0;10;10
5069.83;39.55;219.5;4e-05;0.0;10;10
5069.88;39.64;219.49;4e-05;0.0;10;10
5069.94;39.61;219.72;4e-05;0.0;10;10
5069.98;42.53;219.49;4e-05;0.0;11;10
5069.99;35.97;219.94;4e-05;0.0;11;10
5070.0;35.88;219.57;4e-05;0.0;11;10
5070.03;36.07;219.53;4e-05;0.0;11;10
5070.06;36.14;219.53;4e-05;0.0;11;10
5070.09;35.94;219.5;4e-05;0.0;11;10
5070.11;35.99;219.56;4e-05;0.0;11;10
5070.14;36.02;220.05;4e-05;0.0;11;10
5070.15;36.05;219.73;4e-05;0.0;11;10
5070.19;36.02;219.32;4e-05;0.0;11;10
5070.21;36.09;219.77;4e-05;0.0;11;10
5070.21;35.89;219.42;4e-05;0.0;11;10
5070.24;36.09;219.81;4e-05;0.0;11;10
5070.26;35.91;219.69;4e-05;0.0;11;10
5070.31;35.95;219.79;4e-05;0.0;11;10
5070.33;35.94;219.46;4e-05;0.0;11;10
5070.36;35.95;219.57;4e-05;0.0;11;10
5070.39;36.01;219.68;4e-05;0.0;11;10
5070.41;36.07;219.67;4e-05;0.0;11;10
5070.43;36.03;219.41;4e-05;0.0;11;10
5070.47;36.02;220.08;4e-05;0.0;11;10
5070.48;35.94;219.48;4e-05;0.0;11;10
5070.49;36.18;219.82;4e-05;0.0;11;10
5070.51;35.99;219.63;4e-05;0.0;11;10
5070.53;36.02;219.57;4e-05;0.0;11;10
5070.57;35.93;219.78;4e-05;0.0;11;10
5070.6;36.07;219.82;4e-05;0.0;11;10
5070.63;36.01;219.69;4e-05;0.0;11;10
5070.66;35.95;219.55;4e-05;0.0;11;10
5070.71;35.99;219.62;4e-05;0.0;11;10
5070.75;35.98;219.45;4e-05;0.0;11;10
5070.77;35.87;219.79;4e-05;0.0;11;10
5070.78;36.04;219.75;4e-05;0.0;11;10
5070.84;35.98;219.63;4e-05;0.0;11;10
5070.89;36.02;219.65;4e-05;0.0;11;10
5070.93;36.07;219.36;4e-05;0.0;11;10
5070.97;36.16;219.48;4e-05;0.0;11;10
5071.01;36.02;219.55;4e-05;0.0;11;10
5071.05;36.0;219.87;4e-05;0.0;11;10
5071.06;36.18;219.63;4e-05;0.0;11;10
5071.08;36.05;219.91;4e-05;0.0;11;10
5071.11;36.04;219.64;4e-05;0.0;11;10
5071.14;36.02;220.06;4e-05;0.0;11;10
5071.16;35.91;219.58;4e-05;0.0;11;10
5071.21;36.16;220.23;4e-05;0.0;11;10
5071.22;36.13;219.52;4e-05;0.0;11;10
5071.26;36.01;219.77;4e-05;0.0;11;10
5071.27;36.1;220.16;4e-05;0.0;11;10
5071.31;35.97;220.51;4e-05;0.0;11;10
5071.34;36.1;219.92;4e-05;0.0;11;10
5071.38;36.03;220.09;4e-05;0.0;11;10
5071.41;35.98;219.66;4e-05;0.0;11;10
5071.42;36.04;220.47;4e-05;0.0;11;10
5071.43;35.98;219.56;4e-05;0.0;11;10
5071.46;35.97;219.72;4e-05;0.0;11;10
5071.51;36.0;219.89;4e-05;0.0;11;10
5071.55;36.03;219.96;4e-05;0.0;11;10
5071.6;36.01;219.36;4e-05;0.0;11;10
5071.65;36.01;219.95;4e-05;0.0;11;10
5071.67;35.97;219.63;4e-05;0.0;11;10
5071.71;35.97;219.87;4e-05;0.0;11;10
5071.73;36.03;219.58;4e-05;0.0;11;10
5071.76;36.08;219.66;4e-05;0.0;11;10
5071.81;36.01;219.63;4e-05;0.0;11;10
5071.84;36.01;219.66;4e-05;0.0;11;10
5071.84;36.02;219.5;4e-05;0.0;11;10
5071.85;36.02;220.23;4e-05;0.0;11;10
5071.89;36.09;220.08;4e-05;0.0;11;10
5071.91;36.24;219.91;4e-05;0.0;11;10
5071.95;36.02;219.75;4e-05;0.0;11;10
5071.96;35.95;219.52;4e-05;0.0;11;10
5072.0;36.02;219.53;4e-05;0.0;11;10
5072.06;35.89;219.89;4e-05;0.0;11;10
5072.14;36.02;219.78;4e-05;0.0;11;10
5072.2;35.98;220.03;4e-05;0.0;11;10
5072.22;36.0;219.67;4e-05;0.0;11;10
5072.3;71.99;439.53;4e-05;0.0;11;10
5072.38;0.0;0.0;0.0;0.0;0;0
5072.44;36.09;219.5;4e-05;0.0;11;10
5072.45;35.94;219.77;4e-05;0.0;11;10
5072.49;36.03;219.42;4e-05;0.0;11;10
5072.53;36.05;219.92;4e-05;0.0;11;10
5072.6;35.88;219.59;4e-05;0.0;11;10
5072.68;35.84;219.96;4e-05;0.0;11;10
5072.71;36.16;219.6;4e-05;0.0;11;10
5072.73;35.9;219.96;4e-05;0.0;11;10
5072.73;36.02;219.56;5e-05;0.0;11;10
5072.76;35.96;219.32;5e-05;0.0;11;10
5072.78;36.03;219.86;5e-05;0.0;11;10
5072.79;36.02;219.96;5e-05;0.0;11;10
5072.85;36.03;219.7;5e-05;0.0;11;10
5072.9;35.95;219.63;5e-05;0.0;11;10
5072.97;36.0;219.66;5e-05;0.0;11;10
5073.05;36.01;219.83;5e-05;0.0;11;10
5073.1;36.04;219.57;5e-05;0.0;11;10
5073.2;36.02;220.05;5e-05;0.0;11;10
5073.28;35.97;219.61;5e-05;0.0;11;10
5073.31;35.95;219.44;5e-05;0.0;11;10
5073.34;35.86;219.76;5e-05;0.0;11;10
5073.35;36.03;219.94;5e-05;0.0;11;10
5073.39;36.03;219.8;5e-05;0.0;11;10
5073.41;36.22;219.58;5e-05;0.0;11;10
5073.45;36.05;219.69;5e-05;0.0;11;10
5073.45;36.02;219.78;5e-05;0.0;11;10
5073.52;35.91;220.13;5e-05;0.0;11;10
5073.58;35.93;220.77;5e-05;0.0;11;10
5073.6;36.02;220.24;5e-05;0.0;11;10
5073.63;36.2;220.12;5e-05;0.0;11;10
5073.64;36.0;220.08;5e-05;0.0;11;10
5073.66;35.87;220.4;5e-05;0.0;11;10
5073.7;36.05;219.84;5e-05;0.0;11;10
5073.75;35.96;220.27;5e-05;0.0;11;10
5073.77;35.98;220.33;5e-05;0.0;11;10
5073.81;36.13;220.15;5e-05;0.0;11;10
5073.85;36.04;219.78;5e-05;0.0;11;10
5073.86;36.02;219.56;5e-05;0.0;11;10
5073.86;35.9;219.96;5e-05;0.0;11;10
5073.88;36.07;220.26;5e-05;0.0;11;10
5073.89;35.82;219.59;5e-05;0.0;11;10
5073.89;36.06;220.24;5e-05;0.0;11;10
5073.9;36.03;220.09;5e-05;0.0;11;10
5073.95;35.99;220.55;5e-05;0.0;11;10
5073.97;36.11;220.21;5e-05;0.0;11;10
5074.0;35.97;219.83;5e-05;0.0;11;10
5074.04;35.97;219.88;5e-05;0.0;11;10
5074.1;35.94;220.23;5e-05;0.0;11;10
5074.16;36.09;220.18;5e-05;0.0;11;10
5074.19;35.88;220.13;5e-05;0.0;11;10
5074.23;35.89;220.05;5e-05;0.0;11;10
5074.26;36.12;219.79;5e-05;0.0;11;10
5074.3;35.99;220.05;5e-05;0.0;11;10
5074.32;36.07;219.91;5e-05;0.0;11;10
5074.33;35.93;219.47;5e-05;0.0;11;10
5074.37;35.94;219.63;5e-05;0.0;11;10
5074.4;35.99;219.77;5e-05;0.0;11;10
5074.43;35.95;219.58;5e-05;0.0;11;10
5074.45;35.99;220.01;5e-05;0.0;11;10
5074.47;36.1;219.5;5e-05;0.0;11;10
5074.49;36.14;219.58;5e-05;0.0;11;10
5074.55;35.99;219.52;5e-05;0.0;11;10
5074.6;35.96;219.74;5e-05;0.0;11;10
5074.63;35.98;219.35;5e-05;0.0;11;10
5074.68;36.08;219.56;5e-05;0.0;11;10
5074.69;36.02;219.42;5e-05;0.0;11;10
5074.72;36.15;219.95;5e-05;0.0;11;10
5074.78;36.03;219.78;5e-05;0.0;11;10
5074.81;36.17;219.61;5e-05;0.0;11;10
5074.82;36.04;219.45;5e-05;0.0;11;10
5074.84;36.03;219.79;5e-05;0.0;11;10
5074.88;35.97;219.96;5e-05;0.0;11;10
5074.89;36.36;219.82;5e-05;0.0;11;10
5074.89;36.14;219.94;5e-05;0.0;11;10
5074.91;36.23;219.77;5e-05;0.0;11;10
5074.95;36.09;219.67;5e-05;0.0;11;10
5075.0;36.08;219.78;5e-05;0.0;11;10
5075.02;36.17;220.42;5e-05;0.0;11;10
5075.06;35.99;219.85;5e-05;0.0;11;10
5075.1;35.97;219.6;5e-05;0.0;11;10
5075.12;36.08;219.36;5e-05;0.0;11;10
5075.13;36.11;219.61;5e-05;0.0;11;10
5075.18;35.95;219.66;5e-05;0.0;11;10
5075.2;36.15;219.74;5e-05;0.0;11;10
5075.25;36.12;219.68;5e-05;0.0;11;10
5075.27;35.95;219.53;5e-05;0.0;11;10
5075.28;36.12;219.7;5e-05;0.0;11;10
5075.3;35.98;219.88;5e-05;0.0;11;10
5075.33;35.94;219.83;5e-05;0.0;11;10
5075.37;35.99;219.61;5e-05;0.0;11;10
5075.39;36.03;219.82;5e-05;0.0;11;10
5075.42;36.1;220.08;5e-05;0.0;11;10
5075.44;36.15;219.73;5e-05;0.0;11;10
5075.45;36.02;219.68;5e-05;0.0;11;10
5075.47;36.1;219.91;5e-05;0.0;11;10
5075.48;36.1;219.88;5e-05;0.0;11;10
5075.54;36.14;219.55;5e-05;0.0;11;10
5075.58;36.03;219.5;5e-05;0.0;11;10
5075.63;35.97;220.1;5e-05;0.0;11;10
5075.7;36.02;219.55;5e-05;0.0;11;10
5075.77;35.97;219.96;5e-05;0.0;11;10
5075.79;35.85;219.96;5e-05;0.0;11;10
5075.85;36.06;219.47;5e-05;0.0;11;10
5075.88;36.0;219.66;5e-05;0.0;11;10
5075.93;35.94;219.93;5e-05;0.0;11;10
5075.95;35.97;219.49;5e-05;0.0;11;10
5075.97;36.02;219.58;5e-05;0.0;11;10
5075.98;36.09;219.59;5e-05;0.0;11;10
5076.0;36.11;219.69;5e-05;0.0;11;10
5076.04;36.1;219.58;5e-05;0.0;11;10
5076.06;35.97;219.71;5e-05;0.0;11;10
5076.1;36.09;219.53;5e-05;0.0;11;10
5076.12;35.94;219.81;5e-05;0.0;11;10
5076.15;36.15;219.82;5e-05;0.0;11;10
5076.18;36.09;219.84;5e-05;0.0;11;10
5076.2;36.02;219.69;5e-05;0.0;11;10
5076.24;36.06;219.98;5e-05;0.0;11;10
5076.26;36.05;219.77;5e-05;0.0;11;10
5076.32;36.07;219.6;5e-05;0.0;11;10
5076.34;36.03;219.94;5e-05;0.0;11;10
5076.36;35.96;219.61;5e-05;0.0;11;10
5076.39;35.98;219.61;5e-05;0.0;11;10
5076.4;36.23;219.83;5e-05;0.0;11;10
5076.41;36.35;219.86;5e-05;0.0;11;10
5076.42;36.15;219.86;5e-05;0.0;11;10
5076.45;36.2;219.81;5e-05;0.0;11;10
5076.46;35.92;219.74;5e-05;0.0;11;10
5076.48;35.99;219.61;5e-05;0.0;11;10
5076.5;36.2;219.62;5e-05;0.0;11;10
5076.51;36.04;219.69;5e-05;0.0;11;10
5076.55;35.9;219.8;5e-05;0.0;11;10
5076.59;36.1;219.56;5e-05;0.0;11;10
5076.61;36.11;219.85;5e-05;0.0;11;10
5076.63;35.98;219.79;5e-05;0.0;11;10
5076.64;36.03;219.92;5e-05;0.0;11;10
5076.65;36.1;219.75;5e-05;0.0;11;10
5076.69;36.01;219.4;5e-05;0.0;11;10
5076.73;36.11;219.86;5e-05;0.0;11;10
5076.77;36.2;219.69;5e-05;0.0;11;10
5076.81;36.2;219.96;5e-05;0.0;11;10
5076.86;36.31;219.42;5e-05;0.0;11;10
5076.87;36.11;219.94;5e-05;0.0;11;10
5076.9;36.13;219.7;5e-05;0.0;11;10
5076.92;36.09;219.52;5e-05;0.0;11;10
5076.98;36.22;219.46;5e-05;0.0;11;10
5077.03;36.17;219.65;5e-05;0.0;11;10
5077.06;36.17;220.01;5e-05;0.0;11;10
5077.06;36.32;219.57;5e-05;0.0;11;10
5077.13;36.07;220.12;5e-05;0.0;11;10
5077.15;36.16;220.0;5e-05;0.0;11;10
5077.21;36.27;219.78;5e-05;0.0;11;10
5077.24;36.29;219.42;5e-05;0.0;11;10
5077.27;36.18;219.55;5e-05;0.0;11;10
5077.29;36.09;219.74;5e-05;0.0;11;10
5077.31;36.06;219.45;5e-05;0.0;11;10
5077.32;36.26;219.49;5e-05;0.0;11;10
5077.38;36.38;219.72;5e-05;0.0;11;10
5077.39;36.06;219.6;5e-05;0.0;11;10
5077.41;36.17;219.42;5e-05;0.0;11;10
5077.43;36.13;219.56;5e-05;0.0;11;10
5077.45;35.93;219.72;5e-05;0.0;11;10
5077.5;36.03;219.6;5e-05;0.0;11;10
5077.53;35.99;219.52;5e-05;0.0;11;10
5077.55;35.97;219.61;5e-05;0.0;11;10
5077.59;36.06;219.77;5e-05;0.0;11;10
5077.62;72.1;439.35;5e-05;0.0;11;10
5077.63;0.0;0.0;0.0;0.0;0;0
5077.68;36.07;220.05;5e-05;0.0;11;10
5077.69;36.01;219.41;5e-05;0.0;11;10
5077.71;36.18;219.49;5e-05;0.0;11;10
5077.72;36.09;219.38;5e-05;0.0;11;10
5077.77;36.34;219.36;5e-05;0.0;11;10
5077.82;36.03;219.87;5e-05;0.0;11;10
5077.85;36.21;219.63;5e-05;0.0;11;10
5077.89;36.25;219.57;5e-05;0.0;11;10
5077.94;36.02;219.83;5e-05;0.0;11;10
5077.98;35.91;219.48;5e-05;0.0;11;10
5078.0;36.01;219.8;5e-05;0.0;11;10
5078.03;35.93;220.04;5e-05;0.0;11;10
5078.05;36.03;219.88;5e-05;0.0;11;10
5078.09;36.06;219.68;5e-05;0.0;11;10
5078.16;36.01;219.45;5e-05;0.0;11;10
5078.19;36.13;219.98;5e-05;0.0;11;10
5078.21;35.93;220.38;5e-05;0.0;11;10
5078.22;36.01;219.66;5e-05;0.0;11;10
5078.25;36.05;219.64;5e-05;0.0;11;10
5078.25;36.0;219.94;5e-05;0.0;11;10
5078.27;35.98;219.34;5e-05;0.0;11;10
5078.31;36.15;219.52;5e-05;0.0;11;10
5078.32;36.04;219.69;5e-05;0.0;11;10
5078.33;36.01;219.7;5e-05;0.0;11;10
5078.35;36.08;219.53;5e-05;0.0;11;10
5078.4;35.95;219.58;5e-05;0.0;11;10
5078.44;35.95;219.82;5e-05;0.0;11;10
5078.47;35.95;219.75;5e-05;0.0;11;10
5078.51;36.01;219.79;5e-05;0.0;11;10
5078.53;35.96;219.81;5e-05;0.0;11;10
5078.55;36.01;219.64;5e-05;0.0;11;10
5078.57;36.03;219.59;5e-05;0.0;11;10
5078.59;35.98;219.75;5e-05;0.0;11;10
5078.63;36.06;219.47;5e-05;0.0;11;10
5078.67;35.92;219.82;5e-05;0.0;11;10
5078.73;36.04;219.71;5e-05;0.0;11;10
5078.78;33.08;219.82;5e-05;0.0;12;10
5078.81;32.98;220.0;5e-05;0.0;12;10
5078.86;33.03;219.53;5e-05;0.0;12;10
5078.89;32.95;219.72;5e-05;0.0;12;10
5078.93;33.07;219.51;5e-05;0.0;12;10
5078.96;32.99;219.49;5e-05;0.0;12;10
5078.99;33.02;219.4;5e-05;0.0;12;10
5079.0;33.12;219.82;5e-05;0.0;12;10
5079.01;32.93;219.69;5e-05;0.0;12;10
5079.02;32.95;219.33;5e-05;0.0;12;10
5079.04;32.99;219.92;5e-05;0.0;12;10
5079.07;33.02;219.71;5e-05;0.0;12;10
5079.08;32.97;219.51;5e-05;0.0;12;10
5079.1;33.08;219.34;5e-05;0.0;12;10
5079.11;33.06;219.83;5e-05;0.0;12;10
5079.13;33.16;220.42;5e-05;0.0;12;10
5079.16;32.96;219.85;5e-05;0.0;12;10
5079.17;33.0;220.58;5e-05;0.0;12;10
5079.2;32.97;219.94;5e-05;0.0;12;10
5079.25;32.99;220.06;5e-05;0.0;12;10
5079.27;33.01;220.12;5e-05;0.0;12;10
5079.28;32.93;220.14;5e-05;0.0;12;10
5079.34;32.94;219.73;5e-05;0.0;12;10
5079.37;32.97;220.18;5e-05;0.0;12;10
5079.38;32.97;219.88;5e-05;0.0;12;10
5079.4;33.02;220.0;5e-05;0.0;12;10
5079.41;32.93;220.13;5e-05;0.0;12;10
5079.42;33.06;220.1;5e-05;0.0;12;10
5079.46;32.94;219.8;5e-05;0.0;12;10
5079.47;32.93;220.3;5e-05;0.0;12;10
5079.48;32.91;220.16;5e-05;0.0;12;10
5079.5;33.02;219.6;5e-05;0.0;12;10
5079.5;33.03;219.63;5e-05;0.0;12;10
5079.53;33.02;219.7;5e-05;0.0;12;10
5079.56;33.01;219.98;5e-05;0.0;12;10
5079.58;32.9;219.49;5e-05;0.0;12;10
5079.6;32.98;219.5;5e-05;0.0;12;10
5079.62;32.99;219.5;5e-05;0.0;12;10
5079.65;33.07;219.72;5e-05;0.0;12;10
5079.67;33.3;219.67;5e-05;0.0;12;10
5079.71;33.15;219.48;5e-05;0.0;12;10
5079.71;33.24;219.29;5e-05;0.0;12;10
5079.75;33.0;219.37;5e-05;0.0;12;10
5079.77;32.95;219.74;5e-05;0.0;12;10
5079.8;32.97;219.46;5e-05;0.0;12;10
5079.83;33.01;219.76;5e-05;0.0;12;10
5079.87;33.21;219.46;5e-05;0.0;12;10
5079.9;32.95;219.49;5e-05;0.0;12;10
5079.92;33.01;219.67;5e-05;0.0;12;10
5079.95;32.98;219.63;5e-05;0.0;12;10
5080.0;32.91;219.32;5e-05;0.0;12;10
5080.03;32.96;219.62;5e-05;0.0;12;10
5080.03;32.99;219.55;5e-05;0.0;12;10
5080.07;33.03;219.41;5e-05;0.0;12;10
5080.08;33.1;219.78;5e-05;0.0;12;10
5080.09;33.0;219.86;5e-05;0.0;12;10
5080.14;33.14;219.66;5e-05;0.0;12;10
5080.16;33.11;219.66;5e-05;0.0;12;10
5080.17;32.99;219.47;5e-05;0.0;12;10
5080.18;32.96;219.57;5e-05;0.0;12;10
5080.2;32.99;219.56;5e-05;0.0;12;10
5080.22;32.88;219.46;5e-05;0.0;12;10
5080.26;32.93;219.85;5e-05;0.0;12;10
5080.29;33.09;219.39;5e-05;0.0;12;10
5080.29;33.3;219.55;5e-05;0.0;12;10
5080.32;33.38;220.14;5e-05;0.0;12;10
5080.32;33.53;219.72;5e-05;0.0;12;10
5080.36;33.29;219.64;5e-05;0.0;12;10
5080.42;33.3;219.49;5e-05;0.0;12;10
5080.44;33.14;219.46;5e-05;0.0;12;10
5080.47;33.45;219.52;5e-05;0.0;12;10
5080.49;33.35;219.88;5e-05;0.0;12;10
5080.51;33.31;219.76;5e-05;0.0;12;10
5080.53;33.32;219.83;5e-05;0.0;12;10
5080.55;33.42;219.67;5e-05;0.0;12;10
5080.57;66.7;439.47;5e-05;0.0;12;10
5080.59;33.57;219.7;5e-05;0.0;12;10
5080.6;33.16;219.7;5e-05;0.0;12;10
5080.64;33.39;219.72;5e-05;0.0;12;10
5080.66;33.2;219.97;5e-05;0.0;12;10
5080.69;33.52;219.95;5e-05;0.0;12;10
5080.7;33.38;219.5;5e-05;0.0;12;10
5080.71;33.39;219.57;5e-05;0.0;12;10
5080.77;33.16;219.69;5e-05;0.0;12;10
5080.82;33.1;219.8;5e-05;0.0;12;10
5080.85;33.08;219.6;5e-05;0.0;12;10
5080.85;33.1;219.77;5e-05;0.0;12;10
5080.9;32.99;219.55;5e-05;0.0;12;10
5080.92;32.99;219.66;5e-05;0.0;12;10
5080.94;32.97;219.95;5e-05;0.0;12;10
5080.96;33.01;219.62;5e-05;0.0;12;10
5080.98;33.02;219.61;5e-05;0.0;12;10
5081.01;33.15;220.13;5e-05;0.0;12;10
5081.02;33.01;219.56;5e-05;0.0;12;10
5081.1;33.13;219.68;5e-05;0.0;12;10
5081.12;33.07;219.78;5e-05;0.0;12;10
5081.14;32.91;219.55;5e-05;0.0;12;10
5081.16;33.12;219.97;5e-05;0.0;12;10
5081.21;33.07;219.82;5e-05;0.0;12;10
5081.28;32.91;219.61;5e-05;0.0;12;10
5081.29;32.94;219.84;5e-05;0.0;12;10
5081.32;33.12;219.65;5e-05;0.0;12;10
5081.36;33.03;220.0;5e-05;0.0;12;10
5081.37;32.95;219.86;5e-05;0.0;12;10
5081.39;32.93;220.14;5e-05;0.0;12;10
5081.41;33.0;219.63;5e-05;0.0;12;10
5081.43;33.06;219.74;5e-05;0.0;12;10
5081.49;32.99;219.72;5e-05;0.0;12;10
5081.53;32.9;219.53;5e-05;0.0;12;10
5081.57;32.99;219.96;5e-05;0.0;12;10
5081.62;33.04;220.15;5e-05;0.0;12;10
5081.63;32.99;219.64;5e-05;0.0;12;10
5081.66;33.08;219.91;5e-05;0.0;12;10
5081.7;32.92;219.67;5e-05;0.0;12;10
5081.71;32.92;219.47;5e-05;0.0;12;10
5081.75;33.05;219.95;5e-05;0.0;12;10
5081.76;33.05;220.08;5e-05;0.0;12;10
5081.76;32.99;219.78;5e-05;0.0;12;10
5081.8;33.04;219.63;5e-05;0.0;12;10
5081.85;33.03;219.6;5e-05;0.0;12;10
5081.89;33.0;219.4;5e-05;0.0;12;10
5081.9;33.14;219.97;5e-05;0.0;12;10
5081.93;32.95;219.65;5e-05;0.0;12;10
5081.95;33.16;219.78;5e-05;0.0;12;10
5081.97;33.02;219.9;5e-05;0.0;12;10
5082.03;33.2;219.65;5e-05;0.0;12;10
5082.06;33.3;219.51;5e-05;0.0;12;10
5082.14;32.96;219.55;5e-05;0.0;12;10
5082.18;33.01;219.69;5e-05;0.0;12;10
5082.2;33.07;219.68;5e-05;0.0;12;10
5082.21;33.08;219.44;5e-05;0.0;12;10
5082.22;33.13;220.01;5e-05;0.0;12;10
5082.23;33.08;219.69;5e-05;0.0;12;10
5082.27;33.12;219.47;5e-05;0.0;12;10
5082.32;33.06;219.71;5e-05;0.0;12;10
5082.33;33.03;219.49;5e-05;0.0;12;10
5082.37;33.0;219.47;5e-05;0.0;12;10
5082.42;32.93;219.37;5e-05;0.0;12;10
5082.44;33.06;219.78;5e-05;0.0;12;10
